--update user set authentication_string=PASSWORD("root_pass") where User='root';
GRANT ALL PRIVILEGES ON *.* TO 'derivco_user'@'%' IDENTIFIED BY 'derivco_pass' WITH GRANT OPTION;
create database IF NOT EXISTS football CHARACTER SET utf8 COLLATE utf8_general_ci;

-- MySQL dump 10.16  Distrib 10.1.41-MariaDB, for debian-linux-gnu (x86_64)
--
-- Host: localhost    Database: football
-- ------------------------------------------------------
-- Server version	10.1.41-MariaDB-1~bionic

/*!40101 SET @OLD_CHARACTER_SET_CLIENT=@@CHARACTER_SET_CLIENT */;
/*!40101 SET @OLD_CHARACTER_SET_RESULTS=@@CHARACTER_SET_RESULTS */;
/*!40101 SET @OLD_COLLATION_CONNECTION=@@COLLATION_CONNECTION */;
/*!40101 SET NAMES utf8 */;
/*!40103 SET @OLD_TIME_ZONE=@@TIME_ZONE */;
/*!40103 SET TIME_ZONE='+00:00' */;
/*!40014 SET @OLD_UNIQUE_CHECKS=@@UNIQUE_CHECKS, UNIQUE_CHECKS=0 */;
/*!40014 SET @OLD_FOREIGN_KEY_CHECKS=@@FOREIGN_KEY_CHECKS, FOREIGN_KEY_CHECKS=0 */;
/*!40101 SET @OLD_SQL_MODE=@@SQL_MODE, SQL_MODE='NO_AUTO_VALUE_ON_ZERO' */;
/*!40111 SET @OLD_SQL_NOTES=@@SQL_NOTES, SQL_NOTES=0 */;

--
-- Table structure for table `division_seasons`
--

DROP TABLE IF EXISTS `division_seasons`;
/*!40101 SET @saved_cs_client     = @@character_set_client */;
/*!40101 SET character_set_client = utf8 */;
CREATE TABLE `division_seasons` (
  `id` bigint(20) unsigned NOT NULL AUTO_INCREMENT,
  `division_id` bigint(20) unsigned DEFAULT NULL,
  `season_id` bigint(20) unsigned DEFAULT NULL,
  `inserted_at` datetime NOT NULL,
  `updated_at` datetime NOT NULL,
  PRIMARY KEY (`id`),
  KEY `division_seasons_division_id_fkey` (`division_id`),
  KEY `division_seasons_season_id_fkey` (`season_id`),
  CONSTRAINT `division_seasons_division_id_fkey` FOREIGN KEY (`division_id`) REFERENCES `divisions` (`id`),
  CONSTRAINT `division_seasons_season_id_fkey` FOREIGN KEY (`season_id`) REFERENCES `seasons` (`id`)
) ENGINE=InnoDB AUTO_INCREMENT=7 DEFAULT CHARSET=latin1;
/*!40101 SET character_set_client = @saved_cs_client */;

--
-- Dumping data for table `division_seasons`
--

LOCK TABLES `division_seasons` WRITE;
/*!40000 ALTER TABLE `division_seasons` DISABLE KEYS */;
INSERT INTO `division_seasons` VALUES (1,1,1,'2019-08-25 19:49:31','2019-08-25 19:49:31'),(2,1,2,'2019-08-25 19:49:31','2019-08-25 19:49:31'),(3,2,1,'2019-08-25 19:49:31','2019-08-25 19:49:31'),(4,2,2,'2019-08-25 19:49:31','2019-08-25 19:49:31'),(5,3,1,'2019-08-25 19:49:31','2019-08-25 19:49:31'),(6,4,1,'2019-08-25 19:49:31','2019-08-25 19:49:31');
/*!40000 ALTER TABLE `division_seasons` ENABLE KEYS */;
UNLOCK TABLES;

--
-- Table structure for table `divisions`
--

DROP TABLE IF EXISTS `divisions`;
/*!40101 SET @saved_cs_client     = @@character_set_client */;
/*!40101 SET character_set_client = utf8 */;
CREATE TABLE `divisions` (
  `id` bigint(20) unsigned NOT NULL AUTO_INCREMENT,
  `name` varchar(255) DEFAULT NULL,
  `inserted_at` datetime NOT NULL,
  `updated_at` datetime NOT NULL,
  PRIMARY KEY (`id`)
) ENGINE=InnoDB AUTO_INCREMENT=5 DEFAULT CHARSET=latin1;
/*!40101 SET character_set_client = @saved_cs_client */;

--
-- Dumping data for table `divisions`
--

LOCK TABLES `divisions` WRITE;
/*!40000 ALTER TABLE `divisions` DISABLE KEYS */;
INSERT INTO `divisions` VALUES (1,'SP1','2019-08-25 19:49:31','2019-08-25 19:49:31'),(2,'SP2','2019-08-25 19:49:31','2019-08-25 19:49:31'),(3,'E0','2019-08-25 19:49:31','2019-08-25 19:49:31'),(4,'D1','2019-08-25 19:49:31','2019-08-25 19:49:31');
/*!40000 ALTER TABLE `divisions` ENABLE KEYS */;
UNLOCK TABLES;

--
-- Table structure for table `matches`
--

DROP TABLE IF EXISTS `matches`;
/*!40101 SET @saved_cs_client     = @@character_set_client */;
/*!40101 SET character_set_client = utf8 */;
CREATE TABLE `matches` (
  `id` bigint(20) unsigned NOT NULL AUTO_INCREMENT,
  `date` varchar(255) DEFAULT NULL,
  `season_id` bigint(20) unsigned DEFAULT NULL,
  `division_id` bigint(20) unsigned DEFAULT NULL,
  `home_team_id` bigint(20) unsigned DEFAULT NULL,
  `fthg` int(11) DEFAULT NULL,
  `ftag` int(11) DEFAULT NULL,
  `ftr` varchar(255) DEFAULT NULL,
  `hthg` int(11) DEFAULT NULL,
  `htag` int(11) DEFAULT NULL,
  `htr` varchar(255) DEFAULT NULL,
  `away_team_id` bigint(20) unsigned DEFAULT NULL,
  `inserted_at` datetime NOT NULL,
  `updated_at` datetime NOT NULL,
  PRIMARY KEY (`id`),
  KEY `matches_season_id_fkey` (`season_id`),
  KEY `matches_division_id_fkey` (`division_id`),
  KEY `matches_home_team_id_fkey` (`home_team_id`),
  KEY `matches_away_team_id_fkey` (`away_team_id`),
  CONSTRAINT `matches_away_team_id_fkey` FOREIGN KEY (`away_team_id`) REFERENCES `teams` (`id`),
  CONSTRAINT `matches_division_id_fkey` FOREIGN KEY (`division_id`) REFERENCES `divisions` (`id`),
  CONSTRAINT `matches_home_team_id_fkey` FOREIGN KEY (`home_team_id`) REFERENCES `teams` (`id`),
  CONSTRAINT `matches_season_id_fkey` FOREIGN KEY (`season_id`) REFERENCES `seasons` (`id`)
) ENGINE=InnoDB AUTO_INCREMENT=2371 DEFAULT CHARSET=latin1;
/*!40101 SET character_set_client = @saved_cs_client */;

--
-- Dumping data for table `matches`
--

LOCK TABLES `matches` WRITE;
/*!40000 ALTER TABLE `matches` DISABLE KEYS */;
INSERT INTO `matches` VALUES (1,'19/08/2016',1,1,1,2,1,'H',0,0,'D',13,'2019-08-25 19:49:31','2019-08-25 19:49:31'),(2,'19/08/2016',1,1,2,1,1,'D',0,0,'D',15,'2019-08-25 19:49:31','2019-08-25 19:49:31'),(3,'20/08/2016',1,1,3,6,2,'H',3,1,'H',11,'2019-08-25 19:49:31','2019-08-25 19:49:31'),(4,'20/08/2016',1,1,4,1,1,'D',0,0,'D',20,'2019-08-25 19:49:31','2019-08-25 19:49:31'),(5,'20/08/2016',1,1,5,6,4,'H',3,3,'D',12,'2019-08-25 19:49:31','2019-08-25 19:49:31'),(6,'21/08/2016',1,1,6,1,1,'D',0,0,'D',17,'2019-08-25 19:49:31','2019-08-25 19:49:31'),(7,'21/08/2016',1,1,7,0,3,'A',0,2,'A',16,'2019-08-25 19:49:31','2019-08-25 19:49:31'),(8,'21/08/2016',1,1,8,2,1,'H',0,0,'D',18,'2019-08-25 19:49:31','2019-08-25 19:49:31'),(9,'22/08/2016',1,1,9,0,1,'A',0,0,'D',14,'2019-08-25 19:49:31','2019-08-25 19:49:31'),(10,'22/08/2016',1,1,10,2,4,'A',2,3,'A',19,'2019-08-25 19:49:31','2019-08-25 19:49:31'),(11,'26/08/2016',1,1,11,0,0,'D',0,0,'D',1,'2019-08-25 19:49:31','2019-08-25 19:49:31'),(12,'26/08/2016',1,1,12,2,2,'D',1,0,'H',2,'2019-08-25 19:49:31','2019-08-25 19:49:31'),(13,'27/08/2016',1,1,13,1,0,'H',0,0,'D',10,'2019-08-25 19:49:31','2019-08-25 19:49:31'),(14,'27/08/2016',1,1,14,0,0,'D',0,0,'D',6,'2019-08-25 19:49:31','2019-08-25 19:49:31'),(15,'27/08/2016',1,1,15,0,2,'A',0,1,'A',7,'2019-08-25 19:49:31','2019-08-25 19:49:31'),(16,'27/08/2016',1,1,16,2,1,'H',0,0,'D',9,'2019-08-25 19:49:31','2019-08-25 19:49:31'),(17,'28/08/2016',1,1,17,0,0,'D',0,0,'D',8,'2019-08-25 19:49:31','2019-08-25 19:49:31'),(18,'28/08/2016',1,1,18,0,1,'A',0,1,'A',3,'2019-08-25 19:49:31','2019-08-25 19:49:31'),(19,'28/08/2016',1,1,19,5,1,'H',1,1,'D',4,'2019-08-25 19:49:31','2019-08-25 19:49:31'),(20,'28/08/2016',1,1,20,0,0,'D',0,0,'D',5,'2019-08-25 19:49:31','2019-08-25 19:49:31'),(21,'09/09/2016',1,1,7,1,1,'D',0,0,'D',12,'2019-08-25 19:49:31','2019-08-25 19:49:31'),(22,'10/09/2016',1,1,3,1,2,'A',0,1,'A',17,'2019-08-25 19:49:31','2019-08-25 19:49:31'),(23,'10/09/2016',1,1,9,0,4,'A',0,0,'D',6,'2019-08-25 19:49:31','2019-08-25 19:49:31'),(24,'10/09/2016',1,1,2,0,2,'A',0,2,'A',20,'2019-08-25 19:49:31','2019-08-25 19:49:31'),(25,'10/09/2016',1,1,16,5,2,'H',3,0,'H',15,'2019-08-25 19:49:31','2019-08-25 19:49:31'),(26,'10/09/2016',1,1,5,2,1,'H',0,1,'A',19,'2019-08-25 19:49:31','2019-08-25 19:49:31'),(27,'11/09/2016',1,1,4,1,2,'A',0,1,'A',13,'2019-08-25 19:49:31','2019-08-25 19:49:31'),(28,'11/09/2016',1,1,1,0,1,'A',0,1,'A',18,'2019-08-25 19:49:31','2019-08-25 19:49:31'),(29,'11/09/2016',1,1,8,2,1,'H',2,0,'H',14,'2019-08-25 19:49:31','2019-08-25 19:49:31'),(30,'11/09/2016',1,1,10,2,3,'A',0,1,'A',11,'2019-08-25 19:49:31','2019-08-25 19:49:31'),(31,'16/09/2016',1,1,11,2,2,'D',1,2,'A',4,'2019-08-25 19:49:31','2019-08-25 19:49:31'),(32,'17/09/2016',1,1,6,5,0,'H',3,0,'H',8,'2019-08-25 19:49:31','2019-08-25 19:49:31'),(33,'17/09/2016',1,1,13,1,1,'D',0,1,'A',5,'2019-08-25 19:49:31','2019-08-25 19:49:31'),(34,'17/09/2016',1,1,19,1,0,'H',1,0,'H',2,'2019-08-25 19:49:31','2019-08-25 19:49:31'),(35,'17/09/2016',1,1,14,1,5,'A',0,3,'A',3,'2019-08-25 19:49:31','2019-08-25 19:49:31'),(36,'18/09/2016',1,1,18,2,1,'H',2,1,'H',10,'2019-08-25 19:49:31','2019-08-25 19:49:31'),(37,'18/09/2016',1,1,12,0,2,'A',0,1,'A',16,'2019-08-25 19:49:31','2019-08-25 19:49:31'),(38,'18/09/2016',1,1,15,0,0,'D',0,0,'D',9,'2019-08-25 19:49:31','2019-08-25 19:49:31'),(39,'18/09/2016',1,1,20,2,1,'H',2,1,'H',7,'2019-08-25 19:49:31','2019-08-25 19:49:31'),(40,'19/09/2016',1,1,17,0,0,'D',0,0,'D',1,'2019-08-25 19:49:31','2019-08-25 19:49:31'),(41,'20/09/2016',1,1,2,2,1,'H',1,1,'D',13,'2019-08-25 19:49:31','2019-08-25 19:49:31'),(42,'20/09/2016',1,1,5,1,0,'H',0,0,'D',11,'2019-08-25 19:49:31','2019-08-25 19:49:31'),(43,'21/09/2016',1,1,3,1,1,'D',1,0,'H',6,'2019-08-25 19:49:31','2019-08-25 19:49:31'),(44,'21/09/2016',1,1,9,2,1,'H',0,0,'D',8,'2019-08-25 19:49:31','2019-08-25 19:49:31'),(45,'21/09/2016',1,1,4,1,2,'A',1,1,'D',18,'2019-08-25 19:49:31','2019-08-25 19:49:31'),(46,'21/09/2016',1,1,16,1,1,'D',0,1,'A',20,'2019-08-25 19:49:31','2019-08-25 19:49:31'),(47,'21/09/2016',1,1,7,4,1,'H',3,0,'H',19,'2019-08-25 19:49:31','2019-08-25 19:49:31'),(48,'22/09/2016',1,1,1,1,2,'A',1,0,'H',14,'2019-08-25 19:49:31','2019-08-25 19:49:31'),(49,'22/09/2016',1,1,15,1,2,'A',0,1,'A',12,'2019-08-25 19:49:31','2019-08-25 19:49:31'),(50,'22/09/2016',1,1,10,2,1,'H',1,1,'D',17,'2019-08-25 19:49:31','2019-08-25 19:49:31'),(51,'23/09/2016',1,1,11,1,0,'H',1,0,'H',2,'2019-08-25 19:49:31','2019-08-25 19:49:31'),(52,'24/09/2016',1,1,18,3,1,'H',1,0,'H',5,'2019-08-25 19:49:31','2019-08-25 19:49:31'),(53,'24/09/2016',1,1,13,2,0,'H',0,0,'D',7,'2019-08-25 19:49:31','2019-08-25 19:49:31'),(54,'24/09/2016',1,1,19,2,2,'D',1,1,'D',16,'2019-08-25 19:49:31','2019-08-25 19:49:31'),(55,'24/09/2016',1,1,8,0,5,'A',0,2,'A',3,'2019-08-25 19:49:31','2019-08-25 19:49:31'),(56,'25/09/2016',1,1,6,1,0,'H',0,0,'D',1,'2019-08-25 19:49:31','2019-08-25 19:49:31'),(57,'25/09/2016',1,1,12,0,2,'A',0,0,'D',9,'2019-08-25 19:49:31','2019-08-25 19:49:31'),(58,'25/09/2016',1,1,14,1,2,'A',1,1,'D',10,'2019-08-25 19:49:31','2019-08-25 19:49:31'),(59,'25/09/2016',1,1,20,3,1,'H',3,1,'H',15,'2019-08-25 19:49:31','2019-08-25 19:49:31'),(60,'26/09/2016',1,1,17,3,1,'H',0,0,'D',4,'2019-08-25 19:49:31','2019-08-25 19:49:31'),(61,'30/09/2016',1,1,7,1,0,'H',0,0,'D',11,'2019-08-25 19:49:31','2019-08-25 19:49:31'),(62,'01/10/2016',1,1,4,0,1,'A',0,0,'D',14,'2019-08-25 19:49:31','2019-08-25 19:49:31'),(63,'01/10/2016',1,1,1,2,1,'H',1,0,'H',8,'2019-08-25 19:49:31','2019-08-25 19:49:31'),(64,'01/10/2016',1,1,15,2,2,'D',2,0,'H',19,'2019-08-25 19:49:31','2019-08-25 19:49:31'),(65,'01/10/2016',1,1,5,2,1,'H',0,0,'D',17,'2019-08-25 19:49:31','2019-08-25 19:49:31'),(66,'02/10/2016',1,1,9,4,3,'H',3,0,'H',3,'2019-08-25 19:49:31','2019-08-25 19:49:31'),(67,'02/10/2016',1,1,12,0,0,'D',0,0,'D',20,'2019-08-25 19:49:31','2019-08-25 19:49:31'),(68,'02/10/2016',1,1,2,2,1,'H',0,1,'A',18,'2019-08-25 19:49:31','2019-08-25 19:49:31'),(69,'02/10/2016',1,1,16,1,1,'D',1,1,'D',13,'2019-08-25 19:49:31','2019-08-25 19:49:31'),(70,'02/10/2016',1,1,10,0,2,'A',0,0,'D',6,'2019-08-25 19:49:31','2019-08-25 19:49:31'),(71,'14/10/2016',1,1,19,0,0,'D',0,0,'D',12,'2019-08-25 19:49:31','2019-08-25 19:49:31'),(72,'15/10/2016',1,1,6,7,1,'H',2,1,'H',4,'2019-08-25 19:49:31','2019-08-25 19:49:31'),(73,'15/10/2016',1,1,3,4,0,'H',3,0,'H',1,'2019-08-25 19:49:31','2019-08-25 19:49:31'),(74,'15/10/2016',1,1,11,1,6,'A',0,4,'A',16,'2019-08-25 19:49:31','2019-08-25 19:49:31'),(75,'15/10/2016',1,1,14,2,3,'A',0,1,'A',5,'2019-08-25 19:49:31','2019-08-25 19:49:31'),(76,'16/10/2016',1,1,17,1,1,'D',1,0,'H',2,'2019-08-25 19:49:31','2019-08-25 19:49:31'),(77,'16/10/2016',1,1,18,3,2,'H',0,1,'A',7,'2019-08-25 19:49:31','2019-08-25 19:49:31'),(78,'16/10/2016',1,1,8,1,2,'A',1,1,'D',10,'2019-08-25 19:49:31','2019-08-25 19:49:31'),(79,'16/10/2016',1,1,20,5,0,'H',3,0,'H',9,'2019-08-25 19:49:31','2019-08-25 19:49:31'),(80,'17/10/2016',1,1,13,2,3,'A',2,2,'D',15,'2019-08-25 19:49:31','2019-08-25 19:49:31'),(81,'21/10/2016',1,1,15,1,2,'A',0,1,'A',11,'2019-08-25 19:49:31','2019-08-25 19:49:31'),(82,'22/10/2016',1,1,12,3,3,'D',0,3,'A',13,'2019-08-25 19:49:31','2019-08-25 19:49:31'),(83,'22/10/2016',1,1,4,0,0,'D',0,0,'D',8,'2019-08-25 19:49:31','2019-08-25 19:49:31'),(84,'22/10/2016',1,1,7,3,0,'H',1,0,'H',17,'2019-08-25 19:49:31','2019-08-25 19:49:31'),(85,'22/10/2016',1,1,10,2,3,'A',0,1,'A',3,'2019-08-25 19:49:31','2019-08-25 19:49:31'),(86,'23/10/2016',1,1,9,4,1,'H',1,1,'D',1,'2019-08-25 19:49:31','2019-08-25 19:49:31'),(87,'23/10/2016',1,1,2,4,0,'H',2,0,'H',14,'2019-08-25 19:49:31','2019-08-25 19:49:31'),(88,'23/10/2016',1,1,16,2,1,'H',1,1,'D',18,'2019-08-25 19:49:31','2019-08-25 19:49:31'),(89,'23/10/2016',1,1,5,1,0,'H',0,0,'D',6,'2019-08-25 19:49:31','2019-08-25 19:49:31'),(90,'23/10/2016',1,1,20,2,1,'H',0,1,'A',19,'2019-08-25 19:49:31','2019-08-25 19:49:31'),(91,'28/10/2016',1,1,14,0,2,'A',0,1,'A',7,'2019-08-25 19:49:31','2019-08-25 19:49:31'),(92,'29/10/2016',1,1,17,1,4,'A',1,2,'A',16,'2019-08-25 19:49:31','2019-08-25 19:49:31'),(93,'29/10/2016',1,1,6,4,2,'H',3,1,'H',2,'2019-08-25 19:49:31','2019-08-25 19:49:31'),(94,'29/10/2016',1,1,3,1,0,'H',0,0,'D',4,'2019-08-25 19:49:31','2019-08-25 19:49:31'),(95,'29/10/2016',1,1,8,1,1,'D',1,1,'D',5,'2019-08-25 19:49:31','2019-08-25 19:49:31'),(96,'30/10/2016',1,1,18,1,1,'D',1,1,'D',15,'2019-08-25 19:49:31','2019-08-25 19:49:31'),(97,'30/10/2016',1,1,11,0,1,'A',0,0,'D',12,'2019-08-25 19:49:31','2019-08-25 19:49:31'),(98,'30/10/2016',1,1,13,2,1,'H',0,1,'A',20,'2019-08-25 19:49:31','2019-08-25 19:49:31'),(99,'30/10/2016',1,1,19,3,3,'D',0,3,'A',9,'2019-08-25 19:49:31','2019-08-25 19:49:31'),(100,'31/10/2016',1,1,1,1,1,'D',1,0,'H',10,'2019-08-25 19:49:31','2019-08-25 19:49:31'),(101,'04/11/2016',1,1,2,3,2,'H',1,1,'D',8,'2019-08-25 19:49:31','2019-08-25 19:49:31'),(102,'05/11/2016',1,1,4,1,1,'D',0,0,'D',1,'2019-08-25 19:49:31','2019-08-25 19:49:31'),(103,'05/11/2016',1,1,19,1,0,'H',0,0,'D',13,'2019-08-25 19:49:31','2019-08-25 19:49:31'),(104,'05/11/2016',1,1,15,0,1,'A',0,0,'D',17,'2019-08-25 19:49:31','2019-08-25 19:49:31'),(105,'05/11/2016',1,1,7,2,0,'H',0,0,'D',6,'2019-08-25 19:49:31','2019-08-25 19:49:31'),(106,'06/11/2016',1,1,9,2,1,'H',1,1,'D',10,'2019-08-25 19:49:31','2019-08-25 19:49:31'),(107,'06/11/2016',1,1,12,0,0,'D',0,0,'D',18,'2019-08-25 19:49:31','2019-08-25 19:49:31'),(108,'06/11/2016',1,1,16,3,0,'H',2,0,'H',14,'2019-08-25 19:49:31','2019-08-25 19:49:31'),(109,'06/11/2016',1,1,5,1,2,'A',1,1,'D',3,'2019-08-25 19:49:31','2019-08-25 19:49:31'),(110,'06/11/2016',1,1,20,2,0,'H',1,0,'H',11,'2019-08-25 19:49:31','2019-08-25 19:49:31'),(111,'18/11/2016',1,1,11,2,0,'H',2,0,'H',19,'2019-08-25 19:49:31','2019-08-25 19:49:31'),(112,'19/11/2016',1,1,6,0,3,'A',0,1,'A',16,'2019-08-25 19:49:31','2019-08-25 19:49:31'),(113,'19/11/2016',1,1,3,0,0,'D',0,0,'D',2,'2019-08-25 19:49:31','2019-08-25 19:49:31'),(114,'19/11/2016',1,1,13,1,0,'H',1,0,'H',9,'2019-08-25 19:49:31','2019-08-25 19:49:31'),(115,'19/11/2016',1,1,1,2,3,'A',2,1,'H',5,'2019-08-25 19:49:31','2019-08-25 19:49:31'),(116,'20/11/2016',1,1,17,0,1,'A',0,0,'D',12,'2019-08-25 19:49:31','2019-08-25 19:49:31'),(117,'20/11/2016',1,1,18,1,0,'H',0,0,'D',20,'2019-08-25 19:49:31','2019-08-25 19:49:31'),(118,'20/11/2016',1,1,8,1,3,'A',1,1,'D',7,'2019-08-25 19:49:31','2019-08-25 19:49:31'),(119,'20/11/2016',1,1,10,1,1,'D',0,1,'A',4,'2019-08-25 19:49:31','2019-08-25 19:49:31'),(120,'21/11/2016',1,1,14,2,0,'H',1,0,'H',15,'2019-08-25 19:49:31','2019-08-25 19:49:31'),(121,'25/11/2016',1,1,13,3,1,'H',2,0,'H',11,'2019-08-25 19:49:31','2019-08-25 19:49:31'),(122,'26/11/2016',1,1,12,3,0,'H',0,0,'D',14,'2019-08-25 19:49:31','2019-08-25 19:49:31'),(123,'26/11/2016',1,1,2,4,3,'H',2,1,'H',1,'2019-08-25 19:49:31','2019-08-25 19:49:31'),(124,'26/11/2016',1,1,16,2,1,'H',2,1,'H',8,'2019-08-25 19:49:31','2019-08-25 19:49:31'),(125,'26/11/2016',1,1,5,2,1,'H',0,0,'D',10,'2019-08-25 19:49:31','2019-08-25 19:49:31'),(126,'27/11/2016',1,1,9,3,1,'H',2,0,'H',4,'2019-08-25 19:49:31','2019-08-25 19:49:31'),(127,'27/11/2016',1,1,15,0,3,'A',0,2,'A',6,'2019-08-25 19:49:31','2019-08-25 19:49:31'),(128,'27/11/2016',1,1,7,1,1,'D',0,0,'D',3,'2019-08-25 19:49:31','2019-08-25 19:49:31'),(129,'27/11/2016',1,1,20,0,2,'A',0,2,'A',17,'2019-08-25 19:49:31','2019-08-25 19:49:31'),(130,'28/11/2016',1,1,19,3,1,'H',1,0,'H',18,'2019-08-25 19:49:31','2019-08-25 19:49:31'),(131,'03/12/2016',1,1,6,0,0,'D',0,0,'D',12,'2019-08-25 19:49:31','2019-08-25 19:49:31'),(132,'03/12/2016',1,1,3,1,1,'D',0,0,'D',16,'2019-08-25 19:49:31','2019-08-25 19:49:31'),(133,'03/12/2016',1,1,4,2,1,'H',1,0,'H',5,'2019-08-25 19:49:31','2019-08-25 19:49:31'),(134,'03/12/2016',1,1,14,0,0,'D',0,0,'D',20,'2019-08-25 19:49:31','2019-08-25 19:49:31'),(135,'04/12/2016',1,1,17,1,1,'D',1,0,'H',19,'2019-08-25 19:49:31','2019-08-25 19:49:31'),(136,'04/12/2016',1,1,18,3,1,'H',1,0,'H',13,'2019-08-25 19:49:31','2019-08-25 19:49:31'),(137,'04/12/2016',1,1,11,3,3,'D',1,1,'D',9,'2019-08-25 19:49:31','2019-08-25 19:49:31'),(138,'04/12/2016',1,1,8,3,1,'H',1,0,'H',15,'2019-08-25 19:49:31','2019-08-25 19:49:31'),(139,'04/12/2016',1,1,10,2,2,'D',2,1,'H',2,'2019-08-25 19:49:31','2019-08-25 19:49:31'),(140,'05/12/2016',1,1,1,5,1,'H',3,0,'H',7,'2019-08-25 19:49:31','2019-08-25 19:49:31'),(141,'09/12/2016',1,1,2,1,1,'D',1,0,'H',4,'2019-08-25 19:49:31','2019-08-25 19:49:31'),(142,'10/12/2016',1,1,19,1,1,'D',1,0,'H',14,'2019-08-25 19:49:31','2019-08-25 19:49:31'),(143,'10/12/2016',1,1,15,0,3,'A',0,0,'D',3,'2019-08-25 19:49:31','2019-08-25 19:49:31'),(144,'10/12/2016',1,1,16,3,2,'H',0,0,'D',1,'2019-08-25 19:49:31','2019-08-25 19:49:31'),(145,'10/12/2016',1,1,7,3,2,'H',2,1,'H',10,'2019-08-25 19:49:31','2019-08-25 19:49:31'),(146,'11/12/2016',1,1,11,1,0,'H',1,0,'H',18,'2019-08-25 19:49:31','2019-08-25 19:49:31'),(147,'11/12/2016',1,1,9,0,3,'A',0,0,'D',5,'2019-08-25 19:49:31','2019-08-25 19:49:31'),(148,'11/12/2016',1,1,13,0,0,'D',0,0,'D',17,'2019-08-25 19:49:31','2019-08-25 19:49:31'),(149,'11/12/2016',1,1,12,2,1,'H',0,0,'D',8,'2019-08-25 19:49:31','2019-08-25 19:49:31'),(150,'12/12/2016',1,1,20,3,0,'H',2,0,'H',6,'2019-08-25 19:49:31','2019-08-25 19:49:31'),(151,'16/12/2016',1,1,17,1,0,'H',0,0,'D',11,'2019-08-25 19:49:31','2019-08-25 19:49:31'),(152,'17/12/2016',1,1,6,1,0,'H',0,0,'D',19,'2019-08-25 19:49:31','2019-08-25 19:49:31'),(153,'17/12/2016',1,1,4,0,2,'A',0,0,'D',7,'2019-08-25 19:49:31','2019-08-25 19:49:31'),(154,'17/12/2016',1,1,5,4,1,'H',4,0,'H',2,'2019-08-25 19:49:31','2019-08-25 19:49:31'),(155,'17/12/2016',1,1,8,1,3,'A',0,2,'A',20,'2019-08-25 19:49:31','2019-08-25 19:49:31'),(156,'18/12/2016',1,1,3,4,1,'H',1,0,'H',12,'2019-08-25 19:49:31','2019-08-25 19:49:31'),(157,'18/12/2016',1,1,1,2,0,'H',2,0,'H',15,'2019-08-25 19:49:31','2019-08-25 19:49:31'),(158,'18/12/2016',1,1,14,1,1,'D',1,0,'H',13,'2019-08-25 19:49:31','2019-08-25 19:49:31'),(159,'19/12/2016',1,1,18,2,1,'H',0,0,'D',9,'2019-08-25 19:49:31','2019-08-25 19:49:31'),(160,'06/01/2017',1,1,12,1,1,'D',0,0,'D',1,'2019-08-25 19:49:31','2019-08-25 19:49:31'),(161,'07/01/2017',1,1,13,0,2,'A',0,0,'D',6,'2019-08-25 19:49:31','2019-08-25 19:49:31'),(162,'07/01/2017',1,1,19,1,0,'H',0,0,'D',8,'2019-08-25 19:49:31','2019-08-25 19:49:31'),(163,'07/01/2017',1,1,16,5,0,'H',4,0,'H',4,'2019-08-25 19:49:31','2019-08-25 19:49:31'),(164,'07/01/2017',1,1,7,0,4,'A',0,2,'A',5,'2019-08-25 19:49:31','2019-08-25 19:49:31'),(165,'08/01/2017',1,1,18,0,0,'D',0,0,'D',17,'2019-08-25 19:49:31','2019-08-25 19:49:31'),(166,'08/01/2017',1,1,11,2,0,'H',0,0,'D',14,'2019-08-25 19:49:31','2019-08-25 19:49:31'),(167,'08/01/2017',1,1,9,3,1,'H',1,0,'H',2,'2019-08-25 19:49:31','2019-08-25 19:49:31'),(168,'08/01/2017',1,1,20,1,1,'D',0,0,'D',3,'2019-08-25 19:49:31','2019-08-25 19:49:31'),(169,'09/01/2017',1,1,15,3,3,'D',1,2,'A',10,'2019-08-25 19:49:31','2019-08-25 19:49:31'),(170,'14/01/2017',1,1,6,1,0,'H',1,0,'H',11,'2019-08-25 19:49:31','2019-08-25 19:49:31'),(171,'14/01/2017',1,1,3,5,0,'H',1,0,'H',19,'2019-08-25 19:49:31','2019-08-25 19:49:31'),(172,'14/01/2017',1,1,1,0,0,'D',0,0,'D',20,'2019-08-25 19:49:31','2019-08-25 19:49:31'),(173,'14/01/2017',1,1,14,0,0,'D',0,0,'D',18,'2019-08-25 19:49:31','2019-08-25 19:49:31'),(174,'15/01/2017',1,1,9,1,0,'H',0,0,'D',17,'2019-08-25 19:49:31','2019-08-25 19:49:31'),(175,'15/01/2017',1,1,4,1,1,'D',0,1,'A',15,'2019-08-25 19:49:31','2019-08-25 19:49:31'),(176,'15/01/2017',1,1,5,2,1,'H',0,0,'D',16,'2019-08-25 19:49:31','2019-08-25 19:49:31'),(177,'15/01/2017',1,1,8,2,3,'A',1,3,'A',13,'2019-08-25 19:49:31','2019-08-25 19:49:31'),(178,'15/01/2017',1,1,10,2,1,'H',1,0,'H',12,'2019-08-25 19:49:31','2019-08-25 19:49:31'),(179,'16/01/2017',1,1,2,0,2,'A',0,0,'D',7,'2019-08-25 19:49:31','2019-08-25 19:49:31'),(180,'20/01/2017',1,1,19,1,1,'D',1,0,'H',1,'2019-08-25 19:49:31','2019-08-25 19:49:31'),(181,'21/01/2017',1,1,17,2,2,'D',1,1,'D',14,'2019-08-25 19:49:31','2019-08-25 19:49:31'),(182,'21/01/2017',1,1,12,3,1,'H',2,1,'H',4,'2019-08-25 19:49:31','2019-08-25 19:49:31'),(183,'21/01/2017',1,1,16,2,1,'H',2,0,'H',2,'2019-08-25 19:49:31','2019-08-25 19:49:31'),(184,'21/01/2017',1,1,20,0,2,'A',0,2,'A',10,'2019-08-25 19:49:31','2019-08-25 19:49:31'),(185,'22/01/2017',1,1,18,2,2,'D',1,1,'D',6,'2019-08-25 19:49:31','2019-08-25 19:49:31'),(186,'22/01/2017',1,1,11,0,0,'D',0,0,'D',8,'2019-08-25 19:49:31','2019-08-25 19:49:31'),(187,'22/01/2017',1,1,13,0,4,'A',0,1,'A',3,'2019-08-25 19:49:31','2019-08-25 19:49:31'),(188,'22/01/2017',1,1,15,3,4,'A',1,1,'D',5,'2019-08-25 19:49:31','2019-08-25 19:49:31'),(189,'22/01/2017',1,1,7,1,0,'H',0,0,'D',9,'2019-08-25 19:49:31','2019-08-25 19:49:31'),(190,'27/01/2017',1,1,15,1,1,'D',0,0,'D',2,'2019-08-25 19:49:31','2019-08-25 19:49:31'),(191,'28/01/2017',1,1,17,0,0,'D',0,0,'D',6,'2019-08-25 19:49:31','2019-08-25 19:49:31'),(192,'28/01/2017',1,1,13,3,1,'H',2,1,'H',1,'2019-08-25 19:49:31','2019-08-25 19:49:31'),(193,'28/01/2017',1,1,14,0,2,'A',0,1,'A',9,'2019-08-25 19:49:31','2019-08-25 19:49:31'),(194,'28/01/2017',1,1,20,2,0,'H',1,0,'H',4,'2019-08-25 19:49:31','2019-08-25 19:49:31'),(195,'29/01/2017',1,1,18,2,1,'H',0,1,'A',8,'2019-08-25 19:49:31','2019-08-25 19:49:31'),(196,'29/01/2017',1,1,11,1,1,'D',0,0,'D',3,'2019-08-25 19:49:31','2019-08-25 19:49:31'),(197,'29/01/2017',1,1,12,3,1,'H',2,1,'H',5,'2019-08-25 19:49:31','2019-08-25 19:49:31'),(198,'29/01/2017',1,1,16,3,0,'H',1,0,'H',7,'2019-08-25 19:49:31','2019-08-25 19:49:31'),(199,'30/01/2017',1,1,19,3,1,'H',1,1,'D',10,'2019-08-25 19:49:31','2019-08-25 19:49:31'),(200,'04/02/2017',1,1,6,2,0,'H',1,0,'H',14,'2019-08-25 19:49:31','2019-08-25 19:49:31'),(201,'04/02/2017',1,1,3,3,0,'H',2,0,'H',18,'2019-08-25 19:49:31','2019-08-25 19:49:31'),(202,'04/02/2017',1,1,2,0,1,'A',0,1,'A',12,'2019-08-25 19:49:31','2019-08-25 19:49:31'),(203,'04/02/2017',1,1,10,0,4,'A',0,2,'A',13,'2019-08-25 19:49:31','2019-08-25 19:49:31'),(204,'05/02/2017',1,1,5,0,0,'D',0,0,'D',20,'2019-08-25 19:49:31','2019-08-25 19:49:31'),(205,'05/02/2017',1,1,7,3,2,'H',0,1,'A',15,'2019-08-25 19:49:31','2019-08-25 19:49:31'),(206,'05/02/2017',1,1,8,2,4,'A',0,1,'A',17,'2019-08-25 19:49:31','2019-08-25 19:49:31'),(207,'06/02/2017',1,1,4,1,0,'H',1,0,'H',19,'2019-08-25 19:49:31','2019-08-25 19:49:31'),(208,'10/02/2017',1,1,12,1,2,'A',1,1,'D',7,'2019-08-25 19:49:31','2019-08-25 19:49:31'),(209,'11/02/2017',1,1,17,0,6,'A',0,2,'A',3,'2019-08-25 19:49:31','2019-08-25 19:49:31'),(210,'11/02/2017',1,1,18,2,1,'H',0,1,'A',1,'2019-08-25 19:49:31','2019-08-25 19:49:31'),(211,'11/02/2017',1,1,11,0,0,'D',0,0,'D',10,'2019-08-25 19:49:31','2019-08-25 19:49:31'),(212,'11/02/2017',1,1,15,1,3,'A',1,1,'D',16,'2019-08-25 19:49:31','2019-08-25 19:49:31'),(213,'12/02/2017',1,1,6,3,2,'H',1,1,'D',9,'2019-08-25 19:49:31','2019-08-25 19:49:31'),(214,'12/02/2017',1,1,19,0,1,'A',0,0,'D',5,'2019-08-25 19:49:31','2019-08-25 19:49:31'),(215,'12/02/2017',1,1,14,0,2,'A',0,0,'D',8,'2019-08-25 19:49:31','2019-08-25 19:49:31'),(216,'12/02/2017',1,1,20,1,1,'D',0,1,'A',2,'2019-08-25 19:49:31','2019-08-25 19:49:31'),(217,'13/02/2017',1,1,13,4,0,'H',2,0,'H',4,'2019-08-25 19:49:31','2019-08-25 19:49:31'),(218,'17/02/2017',1,1,4,4,1,'H',3,0,'H',11,'2019-08-25 19:49:31','2019-08-25 19:49:31'),(219,'18/02/2017',1,1,1,0,1,'A',0,0,'D',17,'2019-08-25 19:49:31','2019-08-25 19:49:31'),(220,'18/02/2017',1,1,16,2,0,'H',1,0,'H',12,'2019-08-25 19:49:31','2019-08-25 19:49:31'),(221,'18/02/2017',1,1,5,2,0,'H',1,0,'H',13,'2019-08-25 19:49:31','2019-08-25 19:49:31'),(222,'18/02/2017',1,1,8,1,4,'A',0,0,'D',6,'2019-08-25 19:49:31','2019-08-25 19:49:31'),(223,'19/02/2017',1,1,3,2,1,'H',1,0,'H',14,'2019-08-25 19:49:31','2019-08-25 19:49:31'),(224,'19/02/2017',1,1,9,3,0,'H',1,0,'H',15,'2019-08-25 19:49:31','2019-08-25 19:49:31'),(225,'19/02/2017',1,1,7,0,1,'A',0,0,'D',20,'2019-08-25 19:49:31','2019-08-25 19:49:31'),(226,'19/02/2017',1,1,10,2,0,'H',2,0,'H',18,'2019-08-25 19:49:31','2019-08-25 19:49:31'),(227,'20/02/2017',1,1,2,2,1,'H',2,1,'H',19,'2019-08-25 19:49:31','2019-08-25 19:49:31'),(228,'22/02/2017',1,1,10,2,1,'H',2,1,'H',16,'2019-08-25 19:49:31','2019-08-25 19:49:31'),(229,'24/02/2017',1,1,19,0,1,'A',0,0,'D',7,'2019-08-25 19:49:31','2019-08-25 19:49:31'),(230,'25/02/2017',1,1,17,2,1,'H',0,0,'D',10,'2019-08-25 19:49:31','2019-08-25 19:49:31'),(231,'25/02/2017',1,1,11,1,2,'A',1,0,'H',5,'2019-08-25 19:49:31','2019-08-25 19:49:31'),(232,'25/02/2017',1,1,13,3,0,'H',1,0,'H',2,'2019-08-25 19:49:31','2019-08-25 19:49:31'),(233,'25/02/2017',1,1,14,4,0,'H',2,0,'H',1,'2019-08-25 19:49:31','2019-08-25 19:49:31'),(234,'26/02/2017',1,1,18,3,1,'H',2,1,'H',4,'2019-08-25 19:49:31','2019-08-25 19:49:31'),(235,'26/02/2017',1,1,6,1,2,'A',0,0,'D',3,'2019-08-25 19:49:31','2019-08-25 19:49:31'),(236,'26/02/2017',1,1,12,3,0,'H',1,0,'H',15,'2019-08-25 19:49:31','2019-08-25 19:49:31'),(237,'26/02/2017',1,1,8,1,1,'D',0,0,'D',9,'2019-08-25 19:49:31','2019-08-25 19:49:31'),(238,'26/02/2017',1,1,20,2,3,'A',0,0,'D',16,'2019-08-25 19:49:31','2019-08-25 19:49:31'),(239,'28/02/2017',1,1,2,1,2,'A',1,0,'H',11,'2019-08-25 19:49:31','2019-08-25 19:49:31'),(240,'28/02/2017',1,1,7,2,2,'D',1,1,'D',13,'2019-08-25 19:49:31','2019-08-25 19:49:31'),(241,'28/02/2017',1,1,10,1,0,'H',1,0,'H',14,'2019-08-25 19:49:31','2019-08-25 19:49:31'),(242,'01/03/2017',1,1,3,6,1,'H',3,1,'H',8,'2019-08-25 19:49:31','2019-08-25 19:49:31'),(243,'01/03/2017',1,1,9,2,2,'D',2,2,'D',12,'2019-08-25 19:49:31','2019-08-25 19:49:31'),(244,'01/03/2017',1,1,4,2,1,'H',1,0,'H',17,'2019-08-25 19:49:31','2019-08-25 19:49:31'),(245,'01/03/2017',1,1,15,1,4,'A',0,2,'A',20,'2019-08-25 19:49:31','2019-08-25 19:49:31'),(246,'01/03/2017',1,1,16,3,3,'D',1,1,'D',19,'2019-08-25 19:49:31','2019-08-25 19:49:31'),(247,'02/03/2017',1,1,1,1,1,'D',1,0,'H',6,'2019-08-25 19:49:31','2019-08-25 19:49:31'),(248,'02/03/2017',1,1,5,1,0,'H',1,0,'H',18,'2019-08-25 19:49:31','2019-08-25 19:49:31'),(249,'03/03/2017',1,1,11,2,3,'A',1,2,'A',7,'2019-08-25 19:49:31','2019-08-25 19:49:31'),(250,'04/03/2017',1,1,3,5,0,'H',2,0,'H',9,'2019-08-25 19:49:31','2019-08-25 19:49:31'),(251,'04/03/2017',1,1,13,1,4,'A',0,3,'A',16,'2019-08-25 19:49:31','2019-08-25 19:49:31'),(252,'04/03/2017',1,1,14,1,0,'H',0,0,'D',4,'2019-08-25 19:49:31','2019-08-25 19:49:31'),(253,'04/03/2017',1,1,20,2,0,'H',1,0,'H',12,'2019-08-25 19:49:31','2019-08-25 19:49:31'),(254,'05/03/2017',1,1,18,1,0,'H',0,0,'D',2,'2019-08-25 19:49:31','2019-08-25 19:49:31'),(255,'05/03/2017',1,1,6,3,0,'H',1,0,'H',10,'2019-08-25 19:49:31','2019-08-25 19:49:31'),(256,'05/03/2017',1,1,19,5,2,'H',1,2,'A',15,'2019-08-25 19:49:31','2019-08-25 19:49:31'),(257,'05/03/2017',1,1,8,0,1,'A',0,1,'A',1,'2019-08-25 19:49:31','2019-08-25 19:49:31'),(258,'06/03/2017',1,1,17,1,1,'D',0,1,'A',5,'2019-08-25 19:49:31','2019-08-25 19:49:31'),(259,'08/03/2017',1,1,1,1,1,'D',0,0,'D',11,'2019-08-25 19:49:31','2019-08-25 19:49:31'),(260,'10/03/2017',1,1,12,4,3,'H',2,1,'H',19,'2019-08-25 19:49:31','2019-08-25 19:49:31'),(261,'11/03/2017',1,1,4,0,1,'A',0,0,'D',6,'2019-08-25 19:49:31','2019-08-25 19:49:31'),(262,'11/03/2017',1,1,2,1,2,'A',0,1,'A',17,'2019-08-25 19:49:31','2019-08-25 19:49:31'),(263,'11/03/2017',1,1,5,1,1,'D',1,1,'D',14,'2019-08-25 19:49:31','2019-08-25 19:49:31'),(264,'11/03/2017',1,1,10,1,1,'D',0,0,'D',8,'2019-08-25 19:49:31','2019-08-25 19:49:31'),(265,'12/03/2017',1,1,9,0,1,'A',0,1,'A',20,'2019-08-25 19:49:31','2019-08-25 19:49:31'),(266,'12/03/2017',1,1,1,2,1,'H',1,0,'H',3,'2019-08-25 19:49:31','2019-08-25 19:49:31'),(267,'12/03/2017',1,1,16,2,1,'H',1,1,'D',11,'2019-08-25 19:49:31','2019-08-25 19:49:31'),(268,'12/03/2017',1,1,7,0,2,'A',0,1,'A',18,'2019-08-25 19:49:31','2019-08-25 19:49:31'),(269,'13/03/2017',1,1,15,1,1,'D',0,0,'D',13,'2019-08-25 19:49:31','2019-08-25 19:49:31'),(270,'17/03/2017',1,1,19,1,0,'H',1,0,'H',20,'2019-08-25 19:49:31','2019-08-25 19:49:31'),(271,'18/03/2017',1,1,17,1,0,'H',1,0,'H',7,'2019-08-25 19:49:31','2019-08-25 19:49:31'),(272,'18/03/2017',1,1,18,1,2,'A',0,1,'A',16,'2019-08-25 19:49:31','2019-08-25 19:49:31'),(273,'18/03/2017',1,1,11,2,0,'H',2,0,'H',15,'2019-08-25 19:49:31','2019-08-25 19:49:31'),(274,'18/03/2017',1,1,13,1,1,'D',1,0,'H',12,'2019-08-25 19:49:31','2019-08-25 19:49:31'),(275,'19/03/2017',1,1,6,3,1,'H',1,0,'H',5,'2019-08-25 19:49:31','2019-08-25 19:49:31'),(276,'19/03/2017',1,1,3,4,2,'H',2,2,'D',10,'2019-08-25 19:49:31','2019-08-25 19:49:31'),(277,'19/03/2017',1,1,1,0,1,'A',0,0,'D',9,'2019-08-25 19:49:31','2019-08-25 19:49:31'),(278,'19/03/2017',1,1,14,0,0,'D',0,0,'D',2,'2019-08-25 19:49:31','2019-08-25 19:49:31'),(279,'19/03/2017',1,1,8,3,1,'H',0,0,'D',4,'2019-08-25 19:49:31','2019-08-25 19:49:31'),(280,'31/03/2017',1,1,12,2,1,'H',0,0,'D',11,'2019-08-25 19:49:31','2019-08-25 19:49:31'),(281,'01/04/2017',1,1,2,0,2,'A',0,1,'A',6,'2019-08-25 19:49:31','2019-08-25 19:49:31'),(282,'01/04/2017',1,1,15,1,2,'A',0,2,'A',18,'2019-08-25 19:49:31','2019-08-25 19:49:31'),(283,'01/04/2017',1,1,7,1,1,'D',0,1,'A',14,'2019-08-25 19:49:31','2019-08-25 19:49:31'),(284,'01/04/2017',1,1,20,2,3,'A',1,0,'H',13,'2019-08-25 19:49:31','2019-08-25 19:49:31'),(285,'02/04/2017',1,1,4,1,4,'A',0,1,'A',3,'2019-08-25 19:49:31','2019-08-25 19:49:31'),(286,'02/04/2017',1,1,16,3,0,'H',1,0,'H',17,'2019-08-25 19:49:31','2019-08-25 19:49:31'),(287,'02/04/2017',1,1,5,0,0,'D',0,0,'D',8,'2019-08-25 19:49:31','2019-08-25 19:49:31'),(288,'02/04/2017',1,1,10,3,0,'H',2,0,'H',1,'2019-08-25 19:49:31','2019-08-25 19:49:31'),(289,'03/04/2017',1,1,9,3,1,'H',2,0,'H',19,'2019-08-25 19:49:31','2019-08-25 19:49:31'),(290,'04/04/2017',1,1,18,2,0,'H',2,0,'H',12,'2019-08-25 19:49:31','2019-08-25 19:49:31'),(291,'04/04/2017',1,1,6,1,0,'H',1,0,'H',7,'2019-08-25 19:49:31','2019-08-25 19:49:31'),(292,'04/04/2017',1,1,11,0,1,'A',0,0,'D',20,'2019-08-25 19:49:31','2019-08-25 19:49:31'),(293,'05/04/2017',1,1,17,0,1,'A',0,0,'D',15,'2019-08-25 19:49:31','2019-08-25 19:49:31'),(294,'05/04/2017',1,1,3,3,0,'H',3,0,'H',5,'2019-08-25 19:49:31','2019-08-25 19:49:31'),(295,'05/04/2017',1,1,1,0,0,'D',0,0,'D',4,'2019-08-25 19:49:31','2019-08-25 19:49:31'),(296,'05/04/2017',1,1,14,2,4,'A',2,3,'A',16,'2019-08-25 19:49:31','2019-08-25 19:49:31'),(297,'05/04/2017',1,1,8,0,1,'A',0,1,'A',2,'2019-08-25 19:49:31','2019-08-25 19:49:31'),(298,'06/04/2017',1,1,13,3,1,'H',2,0,'H',19,'2019-08-25 19:49:31','2019-08-25 19:49:31'),(299,'06/04/2017',1,1,10,3,2,'H',1,1,'D',9,'2019-08-25 19:49:31','2019-08-25 19:49:31'),(300,'07/04/2017',1,1,20,3,1,'H',1,1,'D',18,'2019-08-25 19:49:31','2019-08-25 19:49:31'),(301,'08/04/2017',1,1,12,1,0,'H',0,0,'D',17,'2019-08-25 19:49:31','2019-08-25 19:49:31'),(302,'08/04/2017',1,1,2,2,0,'H',1,0,'H',3,'2019-08-25 19:49:31','2019-08-25 19:49:31'),(303,'08/04/2017',1,1,16,1,1,'D',0,0,'D',6,'2019-08-25 19:49:31','2019-08-25 19:49:31'),(304,'08/04/2017',1,1,5,4,2,'H',3,2,'H',1,'2019-08-25 19:49:31','2019-08-25 19:49:31'),(305,'09/04/2017',1,1,9,0,2,'A',0,1,'A',13,'2019-08-25 19:49:31','2019-08-25 19:49:31'),(306,'09/04/2017',1,1,4,1,3,'A',0,2,'A',10,'2019-08-25 19:49:31','2019-08-25 19:49:31'),(307,'09/04/2017',1,1,19,4,1,'H',1,0,'H',11,'2019-08-25 19:49:31','2019-08-25 19:49:31'),(308,'09/04/2017',1,1,15,2,1,'H',1,1,'D',14,'2019-08-25 19:49:31','2019-08-25 19:49:31'),(309,'10/04/2017',1,1,7,3,1,'H',2,0,'H',8,'2019-08-25 19:49:31','2019-08-25 19:49:31'),(310,'14/04/2017',1,1,18,5,1,'H',3,1,'H',19,'2019-08-25 19:49:31','2019-08-25 19:49:31'),(311,'15/04/2017',1,1,6,3,0,'H',1,0,'H',15,'2019-08-25 19:49:31','2019-08-25 19:49:31'),(312,'15/04/2017',1,1,3,3,2,'H',3,2,'H',7,'2019-08-25 19:49:31','2019-08-25 19:49:31'),(313,'15/04/2017',1,1,1,2,0,'H',0,0,'D',2,'2019-08-25 19:49:31','2019-08-25 19:49:31'),(314,'15/04/2017',1,1,8,2,3,'A',1,1,'D',16,'2019-08-25 19:49:31','2019-08-25 19:49:31'),(315,'16/04/2017',1,1,11,2,0,'H',1,0,'H',13,'2019-08-25 19:49:31','2019-08-25 19:49:31'),(316,'16/04/2017',1,1,4,0,3,'A',0,1,'A',9,'2019-08-25 19:49:31','2019-08-25 19:49:31'),(317,'16/04/2017',1,1,14,0,1,'A',0,0,'D',12,'2019-08-25 19:49:31','2019-08-25 19:49:31'),(318,'16/04/2017',1,1,10,0,0,'D',0,0,'D',5,'2019-08-25 19:49:31','2019-08-25 19:49:31'),(319,'17/04/2017',1,1,17,2,1,'H',2,0,'H',20,'2019-08-25 19:49:31','2019-08-25 19:49:31'),(320,'21/04/2017',1,1,5,2,0,'H',1,0,'H',4,'2019-08-25 19:49:31','2019-08-25 19:49:31'),(321,'22/04/2017',1,1,12,0,1,'A',0,0,'D',6,'2019-08-25 19:49:31','2019-08-25 19:49:31'),(322,'22/04/2017',1,1,2,2,0,'H',2,0,'H',10,'2019-08-25 19:49:31','2019-08-25 19:49:31'),(323,'22/04/2017',1,1,15,2,2,'D',1,0,'H',8,'2019-08-25 19:49:31','2019-08-25 19:49:31'),(324,'22/04/2017',1,1,20,2,1,'H',0,0,'D',14,'2019-08-25 19:49:31','2019-08-25 19:49:31'),(325,'23/04/2017',1,1,9,0,1,'A',0,0,'D',11,'2019-08-25 19:49:31','2019-08-25 19:49:31'),(326,'23/04/2017',1,1,19,1,1,'D',1,0,'H',17,'2019-08-25 19:49:31','2019-08-25 19:49:31'),(327,'23/04/2017',1,1,16,2,3,'A',1,1,'D',3,'2019-08-25 19:49:31','2019-08-25 19:49:31'),(328,'23/04/2017',1,1,7,1,0,'H',1,0,'H',1,'2019-08-25 19:49:31','2019-08-25 19:49:31'),(329,'24/04/2017',1,1,13,0,1,'A',0,0,'D',18,'2019-08-25 19:49:31','2019-08-25 19:49:31'),(330,'25/04/2017',1,1,6,0,1,'A',0,0,'D',20,'2019-08-25 19:49:31','2019-08-25 19:49:31'),(331,'25/04/2017',1,1,4,0,2,'A',0,0,'D',2,'2019-08-25 19:49:31','2019-08-25 19:49:31'),(332,'25/04/2017',1,1,8,1,1,'D',1,0,'H',12,'2019-08-25 19:49:31','2019-08-25 19:49:31'),(333,'26/04/2017',1,1,3,7,1,'H',2,0,'H',15,'2019-08-25 19:49:31','2019-08-25 19:49:31'),(334,'26/04/2017',1,1,1,2,6,'A',1,3,'A',16,'2019-08-25 19:49:31','2019-08-25 19:49:31'),(335,'26/04/2017',1,1,14,3,0,'H',0,0,'D',19,'2019-08-25 19:49:31','2019-08-25 19:49:31'),(336,'26/04/2017',1,1,10,2,3,'A',0,2,'A',7,'2019-08-25 19:49:31','2019-08-25 19:49:31'),(337,'27/04/2017',1,1,17,0,0,'D',0,0,'D',13,'2019-08-25 19:49:31','2019-08-25 19:49:31'),(338,'27/04/2017',1,1,18,2,1,'H',0,0,'D',11,'2019-08-25 19:49:31','2019-08-25 19:49:31'),(339,'27/04/2017',1,1,5,2,1,'H',0,0,'D',9,'2019-08-25 19:49:31','2019-08-25 19:49:31'),(340,'28/04/2017',1,1,20,3,1,'H',1,0,'H',8,'2019-08-25 19:49:31','2019-08-25 19:49:31'),(341,'29/04/2017',1,1,12,0,3,'A',0,0,'D',3,'2019-08-25 19:49:31','2019-08-25 19:49:31'),(342,'29/04/2017',1,1,19,0,5,'A',0,3,'A',6,'2019-08-25 19:49:31','2019-08-25 19:49:31'),(343,'29/04/2017',1,1,16,2,1,'H',1,0,'H',10,'2019-08-25 19:49:31','2019-08-25 19:49:31'),(344,'29/04/2017',1,1,7,2,1,'H',1,0,'H',4,'2019-08-25 19:49:31','2019-08-25 19:49:31'),(345,'30/04/2017',1,1,11,1,4,'A',1,0,'H',17,'2019-08-25 19:49:31','2019-08-25 19:49:31'),(346,'30/04/2017',1,1,9,0,3,'A',0,1,'A',18,'2019-08-25 19:49:31','2019-08-25 19:49:31'),(347,'30/04/2017',1,1,13,2,0,'H',0,0,'D',14,'2019-08-25 19:49:31','2019-08-25 19:49:31'),(348,'30/04/2017',1,1,15,2,2,'D',1,1,'D',1,'2019-08-25 19:49:31','2019-08-25 19:49:31'),(349,'01/05/2017',1,1,2,4,2,'H',1,1,'D',5,'2019-08-25 19:49:31','2019-08-25 19:49:31'),(350,'05/05/2017',1,1,5,1,1,'D',1,0,'H',7,'2019-08-25 19:49:31','2019-08-25 19:49:31'),(351,'06/05/2017',1,1,6,1,0,'H',0,0,'D',13,'2019-08-25 19:49:31','2019-08-25 19:49:31'),(352,'06/05/2017',1,1,3,4,1,'H',2,1,'H',20,'2019-08-25 19:49:31','2019-08-25 19:49:31'),(353,'06/05/2017',1,1,4,0,4,'A',0,4,'A',16,'2019-08-25 19:49:31','2019-08-25 19:49:31'),(354,'06/05/2017',1,1,8,1,0,'H',0,0,'D',19,'2019-08-25 19:49:31','2019-08-25 19:49:31'),(355,'07/05/2017',1,1,17,1,0,'H',0,0,'D',18,'2019-08-25 19:49:31','2019-08-25 19:49:31'),(356,'07/05/2017',1,1,1,1,2,'A',0,2,'A',12,'2019-08-25 19:49:31','2019-08-25 19:49:31'),(357,'07/05/2017',1,1,2,3,0,'H',1,0,'H',9,'2019-08-25 19:49:31','2019-08-25 19:49:31'),(358,'07/05/2017',1,1,10,4,1,'H',2,0,'H',15,'2019-08-25 19:49:31','2019-08-25 19:49:31'),(359,'08/05/2017',1,1,14,4,0,'H',2,0,'H',11,'2019-08-25 19:49:31','2019-08-25 19:49:31'),(360,'13/05/2017',1,1,12,0,1,'A',0,0,'D',10,'2019-08-25 19:49:31','2019-08-25 19:49:31'),(361,'13/05/2017',1,1,15,2,1,'H',1,1,'D',4,'2019-08-25 19:49:31','2019-08-25 19:49:31'),(362,'14/05/2017',1,1,17,3,1,'H',3,0,'H',9,'2019-08-25 19:49:31','2019-08-25 19:49:31'),(363,'14/05/2017',1,1,18,1,1,'D',1,0,'H',14,'2019-08-25 19:49:31','2019-08-25 19:49:31'),(364,'14/05/2017',1,1,11,1,1,'D',0,0,'D',6,'2019-08-25 19:49:31','2019-08-25 19:49:31'),(365,'14/05/2017',1,1,13,0,1,'A',0,1,'A',8,'2019-08-25 19:49:31','2019-08-25 19:49:31'),(366,'14/05/2017',1,1,19,1,4,'A',0,2,'A',3,'2019-08-25 19:49:31','2019-08-25 19:49:31'),(367,'14/05/2017',1,1,16,4,1,'H',2,0,'H',5,'2019-08-25 19:49:31','2019-08-25 19:49:31'),(368,'14/05/2017',1,1,7,2,2,'D',1,1,'D',2,'2019-08-25 19:49:31','2019-08-25 19:49:31'),(369,'14/05/2017',1,1,20,0,0,'D',0,0,'D',1,'2019-08-25 19:49:31','2019-08-25 19:49:31'),(370,'17/05/2017',1,1,9,1,4,'A',0,1,'A',16,'2019-08-25 19:49:31','2019-08-25 19:49:31'),(371,'19/05/2017',1,1,4,1,2,'A',1,2,'A',12,'2019-08-25 19:49:31','2019-08-25 19:49:31'),(372,'20/05/2017',1,1,1,3,0,'H',3,0,'H',19,'2019-08-25 19:49:31','2019-08-25 19:49:31'),(373,'20/05/2017',1,1,14,1,1,'D',0,0,'D',17,'2019-08-25 19:49:31','2019-08-25 19:49:31'),(374,'20/05/2017',1,1,5,5,0,'H',3,0,'H',15,'2019-08-25 19:49:31','2019-08-25 19:49:31'),(375,'20/05/2017',1,1,8,2,2,'D',1,1,'D',11,'2019-08-25 19:49:31','2019-08-25 19:49:31'),(376,'21/05/2017',1,1,6,3,1,'H',2,0,'H',18,'2019-08-25 19:49:31','2019-08-25 19:49:31'),(377,'21/05/2017',1,1,3,4,2,'H',0,1,'A',13,'2019-08-25 19:49:31','2019-08-25 19:49:31'),(378,'21/05/2017',1,1,9,2,2,'D',0,0,'D',7,'2019-08-25 19:49:31','2019-08-25 19:49:31'),(379,'21/05/2017',1,1,2,0,2,'A',0,1,'A',16,'2019-08-25 19:49:31','2019-08-25 19:49:31'),(380,'21/05/2017',1,1,10,1,3,'A',0,1,'A',20,'2019-08-25 19:49:31','2019-08-25 19:49:31'),(381,'21/08/2015',2,1,2,0,0,'D',0,0,'D',5,'2019-08-25 19:49:31','2019-08-25 19:49:31'),(382,'22/08/2015',2,1,6,1,0,'H',1,0,'H',19,'2019-08-25 19:49:31','2019-08-25 19:49:31'),(383,'22/08/2015',2,1,12,1,0,'H',1,0,'H',23,'2019-08-25 19:49:31','2019-08-25 19:49:31'),(384,'22/08/2015',2,1,1,0,0,'D',0,0,'D',7,'2019-08-25 19:49:31','2019-08-25 19:49:31'),(385,'22/08/2015',2,1,21,0,0,'D',0,0,'D',10,'2019-08-25 19:49:31','2019-08-25 19:49:31'),(386,'23/08/2015',2,1,18,0,1,'A',0,0,'D',3,'2019-08-25 19:49:31','2019-08-25 19:49:31'),(387,'23/08/2015',2,1,11,1,1,'D',0,1,'A',20,'2019-08-25 19:49:31','2019-08-25 19:49:31'),(388,'23/08/2015',2,1,22,1,2,'A',0,1,'A',9,'2019-08-25 19:49:31','2019-08-25 19:49:31'),(389,'23/08/2015',2,1,8,0,0,'D',0,0,'D',16,'2019-08-25 19:49:31','2019-08-25 19:49:31'),(390,'24/08/2015',2,1,4,1,3,'A',0,2,'A',13,'2019-08-25 19:49:31','2019-08-25 19:49:31'),(391,'28/08/2015',2,1,20,3,1,'H',0,1,'A',12,'2019-08-25 19:49:31','2019-08-25 19:49:31'),(392,'29/08/2015',2,1,3,1,0,'H',0,0,'D',2,'2019-08-25 19:49:31','2019-08-25 19:49:31'),(393,'29/08/2015',2,1,9,3,0,'H',1,0,'H',21,'2019-08-25 19:49:31','2019-08-25 19:49:31'),(394,'29/08/2015',2,1,16,5,0,'H',2,0,'H',11,'2019-08-25 19:49:31','2019-08-25 19:49:31'),(395,'29/08/2015',2,1,7,0,0,'D',0,0,'D',8,'2019-08-25 19:49:31','2019-08-25 19:49:31'),(396,'30/08/2015',2,1,13,2,0,'H',1,0,'H',18,'2019-08-25 19:49:31','2019-08-25 19:49:31'),(397,'30/08/2015',2,1,23,1,2,'A',0,2,'A',4,'2019-08-25 19:49:31','2019-08-25 19:49:31'),(398,'30/08/2015',2,1,19,0,0,'D',0,0,'D',22,'2019-08-25 19:49:31','2019-08-25 19:49:31'),(399,'30/08/2015',2,1,5,0,3,'A',0,1,'A',6,'2019-08-25 19:49:31','2019-08-25 19:49:31'),(400,'30/08/2015',2,1,10,1,1,'D',1,1,'D',1,'2019-08-25 19:49:31','2019-08-25 19:49:31'),(401,'11/09/2015',2,1,22,1,1,'D',0,1,'A',5,'2019-08-25 19:49:31','2019-08-25 19:49:31'),(402,'12/09/2015',2,1,6,1,2,'A',0,0,'D',3,'2019-08-25 19:49:31','2019-08-25 19:49:31'),(403,'12/09/2015',2,1,11,1,0,'H',1,0,'H',7,'2019-08-25 19:49:31','2019-08-25 19:49:31'),(404,'12/09/2015',2,1,12,0,6,'A',0,4,'A',16,'2019-08-25 19:49:31','2019-08-25 19:49:31'),(405,'12/09/2015',2,1,8,0,1,'A',0,0,'D',10,'2019-08-25 19:49:31','2019-08-25 19:49:31'),(406,'13/09/2015',2,1,18,3,1,'H',2,0,'H',23,'2019-08-25 19:49:31','2019-08-25 19:49:31'),(407,'13/09/2015',2,1,9,3,3,'D',2,1,'H',19,'2019-08-25 19:49:31','2019-08-25 19:49:31'),(408,'13/09/2015',2,1,4,1,3,'A',0,0,'D',20,'2019-08-25 19:49:31','2019-08-25 19:49:31'),(409,'13/09/2015',2,1,2,0,0,'D',0,0,'D',13,'2019-08-25 19:49:31','2019-08-25 19:49:31'),(410,'14/09/2015',2,1,21,1,3,'A',1,2,'A',1,'2019-08-25 19:49:31','2019-08-25 19:49:31'),(411,'18/09/2015',2,1,23,1,0,'H',1,0,'H',2,'2019-08-25 19:49:31','2019-08-25 19:49:31'),(412,'19/09/2015',2,1,13,0,2,'A',0,0,'D',6,'2019-08-25 19:49:31','2019-08-25 19:49:31'),(413,'19/09/2015',2,1,16,1,0,'H',0,0,'D',4,'2019-08-25 19:49:31','2019-08-25 19:49:31'),(414,'19/09/2015',2,1,7,2,3,'A',1,1,'D',12,'2019-08-25 19:49:31','2019-08-25 19:49:31'),(415,'19/09/2015',2,1,10,0,0,'D',0,0,'D',11,'2019-08-25 19:49:31','2019-08-25 19:49:31'),(416,'20/09/2015',2,1,3,4,1,'H',0,0,'D',22,'2019-08-25 19:49:31','2019-08-25 19:49:31'),(417,'20/09/2015',2,1,1,2,3,'A',2,3,'A',8,'2019-08-25 19:49:31','2019-08-25 19:49:31'),(418,'20/09/2015',2,1,19,0,1,'A',0,1,'A',21,'2019-08-25 19:49:31','2019-08-25 19:49:31'),(419,'20/09/2015',2,1,5,1,2,'A',0,2,'A',9,'2019-08-25 19:49:31','2019-08-25 19:49:31'),(420,'20/09/2015',2,1,20,3,1,'H',1,0,'H',18,'2019-08-25 19:49:31','2019-08-25 19:49:31'),(421,'22/09/2015',2,1,6,2,0,'H',1,0,'H',23,'2019-08-25 19:49:31','2019-08-25 19:49:31'),(422,'22/09/2015',2,1,12,1,0,'H',1,0,'H',10,'2019-08-25 19:49:31','2019-08-25 19:49:31'),(423,'22/09/2015',2,1,4,0,3,'A',0,2,'A',7,'2019-08-25 19:49:31','2019-08-25 19:49:31'),(424,'23/09/2015',2,1,18,1,2,'A',0,1,'A',16,'2019-08-25 19:49:31','2019-08-25 19:49:31'),(425,'23/09/2015',2,1,9,4,1,'H',2,0,'H',3,'2019-08-25 19:49:31','2019-08-25 19:49:31'),(426,'23/09/2015',2,1,19,2,0,'H',1,0,'H',5,'2019-08-25 19:49:31','2019-08-25 19:49:31'),(427,'23/09/2015',2,1,22,2,2,'D',0,1,'A',13,'2019-08-25 19:49:31','2019-08-25 19:49:31'),(428,'23/09/2015',2,1,2,0,1,'A',0,0,'D',20,'2019-08-25 19:49:31','2019-08-25 19:49:31'),(429,'23/09/2015',2,1,21,2,1,'H',1,0,'H',8,'2019-08-25 19:49:31','2019-08-25 19:49:31'),(430,'24/09/2015',2,1,11,1,2,'A',0,0,'D',1,'2019-08-25 19:49:31','2019-08-25 19:49:31'),(431,'25/09/2015',2,1,10,1,0,'H',1,0,'H',4,'2019-08-25 19:49:31','2019-08-25 19:49:31'),(432,'26/09/2015',2,1,3,2,1,'H',1,0,'H',19,'2019-08-25 19:49:31','2019-08-25 19:49:31'),(433,'26/09/2015',2,1,13,1,1,'D',1,0,'H',9,'2019-08-25 19:49:31','2019-08-25 19:49:31'),(434,'26/09/2015',2,1,16,0,0,'D',0,0,'D',2,'2019-08-25 19:49:31','2019-08-25 19:49:31'),(435,'26/09/2015',2,1,5,3,2,'H',2,0,'H',21,'2019-08-25 19:49:31','2019-08-25 19:49:31'),(436,'26/09/2015',2,1,20,1,0,'H',1,0,'H',6,'2019-08-25 19:49:31','2019-08-25 19:49:31'),(437,'27/09/2015',2,1,23,3,0,'H',0,0,'D',22,'2019-08-25 19:49:31','2019-08-25 19:49:31'),(438,'27/09/2015',2,1,1,3,0,'H',2,0,'H',12,'2019-08-25 19:49:31','2019-08-25 19:49:31'),(439,'27/09/2015',2,1,7,0,0,'D',0,0,'D',18,'2019-08-25 19:49:31','2019-08-25 19:49:31'),(440,'27/09/2015',2,1,8,1,2,'A',1,0,'H',11,'2019-08-25 19:49:31','2019-08-25 19:49:31'),(441,'02/10/2015',2,1,9,0,0,'D',0,0,'D',23,'2019-08-25 19:49:31','2019-08-25 19:49:31'),(442,'03/10/2015',2,1,12,1,2,'A',0,1,'A',8,'2019-08-25 19:49:31','2019-08-25 19:49:31'),(443,'03/10/2015',2,1,4,1,1,'D',0,1,'A',1,'2019-08-25 19:49:31','2019-08-25 19:49:31'),(444,'03/10/2015',2,1,19,0,2,'A',0,1,'A',13,'2019-08-25 19:49:31','2019-08-25 19:49:31'),(445,'03/10/2015',2,1,2,3,1,'H',2,1,'H',7,'2019-08-25 19:49:31','2019-08-25 19:49:31'),(446,'03/10/2015',2,1,5,2,1,'H',0,0,'D',3,'2019-08-25 19:49:31','2019-08-25 19:49:31'),(447,'04/10/2015',2,1,18,3,1,'H',1,1,'D',10,'2019-08-25 19:49:31','2019-08-25 19:49:31'),(448,'04/10/2015',2,1,6,1,1,'D',0,1,'A',16,'2019-08-25 19:49:31','2019-08-25 19:49:31'),(449,'04/10/2015',2,1,22,1,0,'H',0,0,'D',20,'2019-08-25 19:49:31','2019-08-25 19:49:31'),(450,'04/10/2015',2,1,21,0,2,'A',0,1,'A',11,'2019-08-25 19:49:31','2019-08-25 19:49:31'),(451,'17/10/2015',2,1,3,5,2,'H',2,1,'H',21,'2019-08-25 19:49:31','2019-08-25 19:49:31'),(452,'17/10/2015',2,1,11,1,3,'A',0,1,'A',12,'2019-08-25 19:49:31','2019-08-25 19:49:31'),(453,'17/10/2015',2,1,13,1,1,'D',1,0,'H',5,'2019-08-25 19:49:31','2019-08-25 19:49:31'),(454,'17/10/2015',2,1,16,3,0,'H',2,0,'H',22,'2019-08-25 19:49:31','2019-08-25 19:49:31'),(455,'17/10/2015',2,1,10,3,0,'H',2,0,'H',2,'2019-08-25 19:49:31','2019-08-25 19:49:31'),(456,'18/10/2015',2,1,23,4,0,'H',2,0,'H',19,'2019-08-25 19:49:31','2019-08-25 19:49:31'),(457,'18/10/2015',2,1,1,2,2,'D',0,1,'A',18,'2019-08-25 19:49:31','2019-08-25 19:49:31'),(458,'18/10/2015',2,1,7,0,2,'A',0,1,'A',6,'2019-08-25 19:49:31','2019-08-25 19:49:31'),(459,'18/10/2015',2,1,20,1,2,'A',0,1,'A',9,'2019-08-25 19:49:31','2019-08-25 19:49:31'),(460,'19/10/2015',2,1,8,3,3,'D',1,2,'A',4,'2019-08-25 19:49:31','2019-08-25 19:49:31'),(461,'23/10/2015',2,1,21,3,0,'H',1,0,'H',12,'2019-08-25 19:49:31','2019-08-25 19:49:31'),(462,'24/10/2015',2,1,9,1,3,'A',0,2,'A',16,'2019-08-25 19:49:31','2019-08-25 19:49:31'),(463,'24/10/2015',2,1,4,1,1,'D',1,1,'D',11,'2019-08-25 19:49:31','2019-08-25 19:49:31'),(464,'24/10/2015',2,1,2,2,0,'H',0,0,'D',1,'2019-08-25 19:49:31','2019-08-25 19:49:31'),(465,'24/10/2015',2,1,5,5,0,'H',2,0,'H',23,'2019-08-25 19:49:31','2019-08-25 19:49:31'),(466,'25/10/2015',2,1,6,2,1,'H',2,0,'H',10,'2019-08-25 19:49:31','2019-08-25 19:49:31'),(467,'25/10/2015',2,1,3,3,1,'H',1,1,'D',13,'2019-08-25 19:49:31','2019-08-25 19:49:31'),(468,'25/10/2015',2,1,19,0,0,'D',0,0,'D',20,'2019-08-25 19:49:31','2019-08-25 19:49:31'),(469,'25/10/2015',2,1,22,0,4,'A',0,2,'A',7,'2019-08-25 19:49:31','2019-08-25 19:49:31'),(470,'26/10/2015',2,1,18,3,0,'H',2,0,'H',8,'2019-08-25 19:49:31','2019-08-25 19:49:31'),(471,'30/10/2015',2,1,1,1,1,'D',0,1,'A',6,'2019-08-25 19:49:31','2019-08-25 19:49:31'),(472,'31/10/2015',2,1,23,0,2,'A',0,1,'A',3,'2019-08-25 19:49:31','2019-08-25 19:49:31'),(473,'31/10/2015',2,1,16,3,1,'H',3,1,'H',19,'2019-08-25 19:49:31','2019-08-25 19:49:31'),(474,'31/10/2015',2,1,7,2,3,'A',2,1,'H',9,'2019-08-25 19:49:31','2019-08-25 19:49:31'),(475,'31/10/2015',2,1,10,3,0,'H',0,0,'D',22,'2019-08-25 19:49:31','2019-08-25 19:49:31'),(476,'31/10/2015',2,1,20,2,1,'H',1,0,'H',5,'2019-08-25 19:49:31','2019-08-25 19:49:31'),(477,'01/11/2015',2,1,11,1,3,'A',0,2,'A',18,'2019-08-25 19:49:31','2019-08-25 19:49:31'),(478,'01/11/2015',2,1,13,1,0,'H',1,0,'H',21,'2019-08-25 19:49:31','2019-08-25 19:49:31'),(479,'01/11/2015',2,1,12,1,1,'D',0,0,'D',4,'2019-08-25 19:49:31','2019-08-25 19:49:31'),(480,'01/11/2015',2,1,8,1,0,'H',1,0,'H',2,'2019-08-25 19:49:31','2019-08-25 19:49:31'),(481,'06/11/2015',2,1,19,2,0,'H',1,0,'H',7,'2019-08-25 19:49:31','2019-08-25 19:49:31'),(482,'07/11/2015',2,1,9,1,5,'A',1,2,'A',10,'2019-08-25 19:49:31','2019-08-25 19:49:31'),(483,'07/11/2015',2,1,13,3,1,'H',2,1,'H',23,'2019-08-25 19:49:31','2019-08-25 19:49:31'),(484,'07/11/2015',2,1,22,1,1,'D',0,1,'A',1,'2019-08-25 19:49:31','2019-08-25 19:49:31'),(485,'07/11/2015',2,1,2,0,1,'A',0,0,'D',11,'2019-08-25 19:49:31','2019-08-25 19:49:31'),(486,'07/11/2015',2,1,21,2,1,'H',2,0,'H',4,'2019-08-25 19:49:31','2019-08-25 19:49:31'),(487,'08/11/2015',2,1,18,2,1,'H',1,0,'H',12,'2019-08-25 19:49:31','2019-08-25 19:49:31'),(488,'08/11/2015',2,1,6,1,0,'H',0,0,'D',8,'2019-08-25 19:49:31','2019-08-25 19:49:31'),(489,'08/11/2015',2,1,3,3,0,'H',0,0,'D',20,'2019-08-25 19:49:31','2019-08-25 19:49:31'),(490,'08/11/2015',2,1,5,3,2,'H',1,1,'D',16,'2019-08-25 19:49:31','2019-08-25 19:49:31'),(491,'21/11/2015',2,1,12,2,0,'H',2,0,'H',2,'2019-08-25 19:49:31','2019-08-25 19:49:31'),(492,'21/11/2015',2,1,1,2,0,'H',1,0,'H',9,'2019-08-25 19:49:31','2019-08-25 19:49:31'),(493,'21/11/2015',2,1,16,0,4,'A',0,2,'A',3,'2019-08-25 19:49:31','2019-08-25 19:49:31'),(494,'21/11/2015',2,1,7,2,0,'H',0,0,'D',5,'2019-08-25 19:49:31','2019-08-25 19:49:31'),(495,'21/11/2015',2,1,10,1,1,'D',1,0,'H',19,'2019-08-25 19:49:31','2019-08-25 19:49:31'),(496,'22/11/2015',2,1,11,0,1,'A',0,1,'A',6,'2019-08-25 19:49:31','2019-08-25 19:49:31'),(497,'22/11/2015',2,1,4,2,0,'H',1,0,'H',18,'2019-08-25 19:49:31','2019-08-25 19:49:31'),(498,'22/11/2015',2,1,8,0,3,'A',0,3,'A',22,'2019-08-25 19:49:31','2019-08-25 19:49:31'),(499,'22/11/2015',2,1,20,1,1,'D',0,1,'A',13,'2019-08-25 19:49:31','2019-08-25 19:49:31'),(500,'23/11/2015',2,1,23,1,1,'D',0,0,'D',21,'2019-08-25 19:49:31','2019-08-25 19:49:31'),(501,'27/11/2015',2,1,22,0,1,'A',0,1,'A',11,'2019-08-25 19:49:31','2019-08-25 19:49:31'),(502,'28/11/2015',2,1,6,1,0,'H',1,0,'H',12,'2019-08-25 19:49:31','2019-08-25 19:49:31'),(503,'28/11/2015',2,1,3,4,0,'H',2,0,'H',7,'2019-08-25 19:49:31','2019-08-25 19:49:31'),(504,'28/11/2015',2,1,9,2,1,'H',1,0,'H',8,'2019-08-25 19:49:31','2019-08-25 19:49:31'),(505,'28/11/2015',2,1,19,0,2,'A',0,1,'A',1,'2019-08-25 19:49:31','2019-08-25 19:49:31'),(506,'28/11/2015',2,1,2,2,2,'D',1,0,'H',4,'2019-08-25 19:49:31','2019-08-25 19:49:31'),(507,'29/11/2015',2,1,13,0,2,'A',0,1,'A',16,'2019-08-25 19:49:31','2019-08-25 19:49:31'),(508,'29/11/2015',2,1,23,2,0,'H',1,0,'H',20,'2019-08-25 19:49:31','2019-08-25 19:49:31'),(509,'29/11/2015',2,1,5,1,0,'H',0,0,'D',10,'2019-08-25 19:49:31','2019-08-25 19:49:31'),(510,'29/11/2015',2,1,21,0,3,'A',0,2,'A',18,'2019-08-25 19:49:31','2019-08-25 19:49:31'),(511,'05/12/2015',2,1,11,1,1,'D',0,1,'A',9,'2019-08-25 19:49:31','2019-08-25 19:49:31'),(512,'05/12/2015',2,1,4,0,2,'A',0,1,'A',6,'2019-08-25 19:49:31','2019-08-25 19:49:31'),(513,'05/12/2015',2,1,1,1,1,'D',1,0,'H',5,'2019-08-25 19:49:31','2019-08-25 19:49:31'),(514,'05/12/2015',2,1,16,4,1,'H',4,0,'H',23,'2019-08-25 19:49:31','2019-08-25 19:49:31'),(515,'05/12/2015',2,1,10,1,1,'D',0,0,'D',3,'2019-08-25 19:49:31','2019-08-25 19:49:31'),(516,'06/12/2015',2,1,18,0,0,'D',0,0,'D',2,'2019-08-25 19:49:31','2019-08-25 19:49:31'),(517,'06/12/2015',2,1,7,2,1,'H',1,1,'D',13,'2019-08-25 19:49:31','2019-08-25 19:49:31'),(518,'06/12/2015',2,1,8,3,1,'H',1,1,'D',19,'2019-08-25 19:49:31','2019-08-25 19:49:31'),(519,'06/12/2015',2,1,20,2,1,'H',0,1,'A',21,'2019-08-25 19:49:31','2019-08-25 19:49:31'),(520,'07/12/2015',2,1,12,1,1,'D',0,1,'A',22,'2019-08-25 19:49:31','2019-08-25 19:49:31'),(521,'11/12/2015',2,1,23,1,1,'D',0,0,'D',7,'2019-08-25 19:49:31','2019-08-25 19:49:31'),(522,'12/12/2015',2,1,3,2,2,'D',1,0,'H',1,'2019-08-25 19:49:31','2019-08-25 19:49:31'),(523,'12/12/2015',2,1,9,1,0,'H',1,0,'H',12,'2019-08-25 19:49:31','2019-08-25 19:49:31'),(524,'12/12/2015',2,1,19,1,0,'H',0,0,'D',11,'2019-08-25 19:49:31','2019-08-25 19:49:31'),(525,'12/12/2015',2,1,22,1,2,'A',0,0,'D',4,'2019-08-25 19:49:31','2019-08-25 19:49:31'),(526,'12/12/2015',2,1,5,2,0,'H',0,0,'D',8,'2019-08-25 19:49:31','2019-08-25 19:49:31'),(527,'13/12/2015',2,1,6,2,1,'H',1,1,'D',18,'2019-08-25 19:49:31','2019-08-25 19:49:31'),(528,'13/12/2015',2,1,13,1,1,'D',1,0,'H',10,'2019-08-25 19:49:31','2019-08-25 19:49:31'),(529,'13/12/2015',2,1,21,1,2,'A',1,0,'H',2,'2019-08-25 19:49:31','2019-08-25 19:49:31'),(530,'13/12/2015',2,1,20,1,0,'H',1,0,'H',16,'2019-08-25 19:49:31','2019-08-25 19:49:31'),(531,'19/12/2015',2,1,11,0,0,'D',0,0,'D',5,'2019-08-25 19:49:31','2019-08-25 19:49:31'),(532,'19/12/2015',2,1,12,1,0,'H',0,0,'D',19,'2019-08-25 19:49:31','2019-08-25 19:49:31'),(533,'19/12/2015',2,1,1,2,0,'H',1,0,'H',13,'2019-08-25 19:49:31','2019-08-25 19:49:31'),(534,'19/12/2015',2,1,10,2,2,'D',2,2,'D',23,'2019-08-25 19:49:31','2019-08-25 19:49:31'),(535,'20/12/2015',2,1,18,2,0,'H',0,0,'D',22,'2019-08-25 19:49:31','2019-08-25 19:49:31'),(536,'20/12/2015',2,1,4,0,2,'A',0,2,'A',9,'2019-08-25 19:49:31','2019-08-25 19:49:31'),(537,'20/12/2015',2,1,2,1,0,'H',0,0,'D',6,'2019-08-25 19:49:31','2019-08-25 19:49:31'),(538,'20/12/2015',2,1,16,10,2,'H',4,2,'H',21,'2019-08-25 19:49:31','2019-08-25 19:49:31'),(539,'20/12/2015',2,1,7,0,2,'A',0,1,'A',20,'2019-08-25 19:49:31','2019-08-25 19:49:31'),(540,'30/12/2015',2,1,3,4,0,'H',2,0,'H',11,'2019-08-25 19:49:31','2019-08-25 19:49:31'),(541,'30/12/2015',2,1,9,0,1,'A',0,0,'D',18,'2019-08-25 19:49:31','2019-08-25 19:49:31'),(542,'30/12/2015',2,1,13,2,0,'H',0,0,'D',8,'2019-08-25 19:49:31','2019-08-25 19:49:31'),(543,'30/12/2015',2,1,23,0,0,'D',0,0,'D',1,'2019-08-25 19:49:31','2019-08-25 19:49:31'),(544,'30/12/2015',2,1,19,4,1,'H',1,0,'H',4,'2019-08-25 19:49:31','2019-08-25 19:49:31'),(545,'30/12/2015',2,1,22,0,1,'A',0,0,'D',2,'2019-08-25 19:49:31','2019-08-25 19:49:31'),(546,'30/12/2015',2,1,16,3,1,'H',1,0,'H',7,'2019-08-25 19:49:31','2019-08-25 19:49:31'),(547,'30/12/2015',2,1,5,2,0,'H',2,0,'H',12,'2019-08-25 19:49:31','2019-08-25 19:49:31'),(548,'30/12/2015',2,1,21,0,2,'A',0,0,'D',6,'2019-08-25 19:49:31','2019-08-25 19:49:31'),(549,'31/12/2015',2,1,20,1,0,'H',0,0,'D',10,'2019-08-25 19:49:31','2019-08-25 19:49:31'),(550,'02/01/2016',2,1,6,1,0,'H',0,0,'D',22,'2019-08-25 19:49:31','2019-08-25 19:49:31'),(551,'02/01/2016',2,1,12,0,0,'D',0,0,'D',3,'2019-08-25 19:49:31','2019-08-25 19:49:31'),(552,'02/01/2016',2,1,2,2,0,'H',2,0,'H',9,'2019-08-25 19:49:31','2019-08-25 19:49:31'),(553,'03/01/2016',2,1,18,2,2,'D',1,0,'H',19,'2019-08-25 19:49:31','2019-08-25 19:49:31'),(554,'03/01/2016',2,1,11,0,4,'A',0,2,'A',13,'2019-08-25 19:49:31','2019-08-25 19:49:31'),(555,'03/01/2016',2,1,4,2,1,'H',2,1,'H',5,'2019-08-25 19:49:31','2019-08-25 19:49:31'),(556,'03/01/2016',2,1,1,1,2,'A',0,1,'A',20,'2019-08-25 19:49:32','2019-08-25 19:49:32'),(557,'03/01/2016',2,1,10,2,2,'D',1,1,'D',16,'2019-08-25 19:49:32','2019-08-25 19:49:32'),(558,'03/01/2016',2,1,21,2,2,'D',1,1,'D',7,'2019-08-25 19:49:32','2019-08-25 19:49:32'),(559,'04/01/2016',2,1,8,1,2,'A',1,0,'H',23,'2019-08-25 19:49:32','2019-08-25 19:49:32'),(560,'09/01/2016',2,1,3,4,0,'H',2,0,'H',4,'2019-08-25 19:49:32','2019-08-25 19:49:32'),(561,'09/01/2016',2,1,23,1,0,'H',0,0,'D',11,'2019-08-25 19:49:32','2019-08-25 19:49:32'),(562,'09/01/2016',2,1,22,2,1,'H',0,0,'D',21,'2019-08-25 19:49:32','2019-08-25 19:49:32'),(563,'09/01/2016',2,1,16,5,0,'H',2,0,'H',1,'2019-08-25 19:49:32','2019-08-25 19:49:32'),(564,'09/01/2016',2,1,5,2,0,'H',1,0,'H',18,'2019-08-25 19:49:32','2019-08-25 19:49:32'),(565,'10/01/2016',2,1,9,0,2,'A',0,0,'D',6,'2019-08-25 19:49:32','2019-08-25 19:49:32'),(566,'10/01/2016',2,1,13,2,1,'H',1,1,'D',12,'2019-08-25 19:49:32','2019-08-25 19:49:32'),(567,'10/01/2016',2,1,19,1,1,'D',0,0,'D',2,'2019-08-25 19:49:32','2019-08-25 19:49:32'),(568,'10/01/2016',2,1,7,2,0,'H',0,0,'D',10,'2019-08-25 19:49:32','2019-08-25 19:49:32'),(569,'10/01/2016',2,1,20,2,0,'H',1,0,'H',8,'2019-08-25 19:49:32','2019-08-25 19:49:32'),(570,'16/01/2016',2,1,9,4,3,'H',2,0,'H',22,'2019-08-25 19:49:32','2019-08-25 19:49:32'),(571,'16/01/2016',2,1,5,2,1,'H',2,0,'H',2,'2019-08-25 19:49:32','2019-08-25 19:49:32'),(572,'16/01/2016',2,1,7,1,1,'D',0,1,'A',1,'2019-08-25 19:49:32','2019-08-25 19:49:32'),(573,'16/01/2016',2,1,20,0,0,'D',0,0,'D',11,'2019-08-25 19:49:32','2019-08-25 19:49:32'),(574,'17/01/2016',2,1,3,6,0,'H',2,0,'H',18,'2019-08-25 19:49:32','2019-08-25 19:49:32'),(575,'17/01/2016',2,1,23,3,1,'H',2,1,'H',12,'2019-08-25 19:49:32','2019-08-25 19:49:32'),(576,'17/01/2016',2,1,19,0,3,'A',0,1,'A',6,'2019-08-25 19:49:32','2019-08-25 19:49:32'),(577,'17/01/2016',2,1,16,5,1,'H',5,0,'H',8,'2019-08-25 19:49:32','2019-08-25 19:49:32'),(578,'17/01/2016',2,1,10,2,2,'D',0,1,'A',21,'2019-08-25 19:49:32','2019-08-25 19:49:32'),(579,'18/01/2016',2,1,13,5,1,'H',2,0,'H',4,'2019-08-25 19:49:32','2019-08-25 19:49:32'),(580,'22/01/2016',2,1,8,5,1,'H',3,1,'H',7,'2019-08-25 19:49:32','2019-08-25 19:49:32'),(581,'23/01/2016',2,1,12,2,2,'D',2,1,'H',20,'2019-08-25 19:49:32','2019-08-25 19:49:32'),(582,'23/01/2016',2,1,4,3,2,'H',2,0,'H',23,'2019-08-25 19:49:32','2019-08-25 19:49:32'),(583,'23/01/2016',2,1,2,1,2,'A',1,1,'D',3,'2019-08-25 19:49:32','2019-08-25 19:49:32'),(584,'23/01/2016',2,1,21,3,0,'H',3,0,'H',9,'2019-08-25 19:49:32','2019-08-25 19:49:32'),(585,'24/01/2016',2,1,18,5,2,'H',3,1,'H',13,'2019-08-25 19:49:32','2019-08-25 19:49:32'),(586,'24/01/2016',2,1,6,0,0,'D',0,0,'D',5,'2019-08-25 19:49:32','2019-08-25 19:49:32'),(587,'24/01/2016',2,1,11,1,1,'D',1,0,'H',16,'2019-08-25 19:49:32','2019-08-25 19:49:32'),(588,'24/01/2016',2,1,1,1,1,'D',1,0,'H',10,'2019-08-25 19:49:32','2019-08-25 19:49:32'),(589,'25/01/2016',2,1,22,3,2,'H',1,0,'H',19,'2019-08-25 19:49:32','2019-08-25 19:49:32'),(590,'30/01/2016',2,1,3,2,1,'H',2,1,'H',6,'2019-08-25 19:49:32','2019-08-25 19:49:32'),(591,'30/01/2016',2,1,13,1,2,'A',0,1,'A',2,'2019-08-25 19:49:32','2019-08-25 19:49:32'),(592,'30/01/2016',2,1,23,0,1,'A',0,1,'A',18,'2019-08-25 19:49:32','2019-08-25 19:49:32'),(593,'30/01/2016',2,1,7,2,1,'H',2,0,'H',11,'2019-08-25 19:49:32','2019-08-25 19:49:32'),(594,'30/01/2016',2,1,20,1,0,'H',0,0,'D',4,'2019-08-25 19:49:32','2019-08-25 19:49:32'),(595,'31/01/2016',2,1,19,2,1,'H',1,1,'D',9,'2019-08-25 19:49:32','2019-08-25 19:49:32'),(596,'31/01/2016',2,1,16,6,0,'H',4,0,'H',12,'2019-08-25 19:49:32','2019-08-25 19:49:32'),(597,'31/01/2016',2,1,5,3,1,'H',1,0,'H',22,'2019-08-25 19:49:32','2019-08-25 19:49:32'),(598,'31/01/2016',2,1,10,0,1,'A',0,0,'D',8,'2019-08-25 19:49:32','2019-08-25 19:49:32'),(599,'01/02/2016',2,1,1,2,2,'D',1,2,'A',21,'2019-08-25 19:49:32','2019-08-25 19:49:32'),(600,'05/02/2016',2,1,2,3,0,'H',3,0,'H',23,'2019-08-25 19:49:32','2019-08-25 19:49:32'),(601,'06/02/2016',2,1,18,0,0,'D',0,0,'D',20,'2019-08-25 19:49:32','2019-08-25 19:49:32'),(602,'06/02/2016',2,1,6,3,1,'H',0,0,'D',13,'2019-08-25 19:49:32','2019-08-25 19:49:32'),(603,'06/02/2016',2,1,8,1,1,'D',1,1,'D',1,'2019-08-25 19:49:32','2019-08-25 19:49:32'),(604,'06/02/2016',2,1,21,2,0,'H',1,0,'H',19,'2019-08-25 19:49:32','2019-08-25 19:49:32'),(605,'07/02/2016',2,1,11,1,0,'H',0,0,'D',10,'2019-08-25 19:49:32','2019-08-25 19:49:32'),(606,'07/02/2016',2,1,9,1,1,'D',0,1,'A',5,'2019-08-25 19:49:32','2019-08-25 19:49:32'),(607,'07/02/2016',2,1,4,1,2,'A',0,1,'A',16,'2019-08-25 19:49:32','2019-08-25 19:49:32'),(608,'07/02/2016',2,1,22,0,2,'A',0,1,'A',3,'2019-08-25 19:49:32','2019-08-25 19:49:32'),(609,'08/02/2016',2,1,12,0,5,'A',0,2,'A',7,'2019-08-25 19:49:32','2019-08-25 19:49:32'),(610,'12/02/2016',2,1,8,2,2,'D',2,1,'H',21,'2019-08-25 19:49:32','2019-08-25 19:49:32'),(611,'13/02/2016',2,1,1,2,2,'D',1,2,'A',11,'2019-08-25 19:49:32','2019-08-25 19:49:32'),(612,'13/02/2016',2,1,16,4,2,'H',3,1,'H',18,'2019-08-25 19:49:32','2019-08-25 19:49:32'),(613,'13/02/2016',2,1,10,2,1,'H',0,0,'D',12,'2019-08-25 19:49:32','2019-08-25 19:49:32'),(614,'13/02/2016',2,1,20,1,0,'H',1,0,'H',2,'2019-08-25 19:49:32','2019-08-25 19:49:32'),(615,'14/02/2016',2,1,3,6,1,'H',1,1,'D',9,'2019-08-25 19:49:32','2019-08-25 19:49:32'),(616,'14/02/2016',2,1,13,2,0,'H',1,0,'H',22,'2019-08-25 19:49:32','2019-08-25 19:49:32'),(617,'14/02/2016',2,1,23,0,1,'A',0,1,'A',6,'2019-08-25 19:49:32','2019-08-25 19:49:32'),(618,'14/02/2016',2,1,5,2,0,'H',0,0,'D',19,'2019-08-25 19:49:32','2019-08-25 19:49:32'),(619,'14/02/2016',2,1,7,3,0,'H',2,0,'H',4,'2019-08-25 19:49:32','2019-08-25 19:49:32'),(620,'17/02/2016',2,1,8,1,3,'A',1,2,'A',3,'2019-08-25 19:49:32','2019-08-25 19:49:32'),(621,'19/02/2016',2,1,22,3,0,'H',2,0,'H',23,'2019-08-25 19:49:32','2019-08-25 19:49:32'),(622,'20/02/2016',2,1,11,1,1,'D',0,0,'D',8,'2019-08-25 19:49:32','2019-08-25 19:49:32'),(623,'20/02/2016',2,1,9,3,2,'H',2,0,'H',13,'2019-08-25 19:49:32','2019-08-25 19:49:32'),(624,'20/02/2016',2,1,12,1,0,'H',0,0,'D',1,'2019-08-25 19:49:32','2019-08-25 19:49:32'),(625,'20/02/2016',2,1,19,1,2,'A',1,2,'A',3,'2019-08-25 19:49:32','2019-08-25 19:49:32'),(626,'21/02/2016',2,1,18,0,1,'A',0,1,'A',7,'2019-08-25 19:49:32','2019-08-25 19:49:32'),(627,'21/02/2016',2,1,6,0,0,'D',0,0,'D',20,'2019-08-25 19:49:32','2019-08-25 19:49:32'),(628,'21/02/2016',2,1,4,1,2,'A',0,0,'D',10,'2019-08-25 19:49:32','2019-08-25 19:49:32'),(629,'21/02/2016',2,1,2,1,1,'D',0,1,'A',16,'2019-08-25 19:49:32','2019-08-25 19:49:32'),(630,'21/02/2016',2,1,21,2,2,'D',1,2,'A',5,'2019-08-25 19:49:32','2019-08-25 19:49:32'),(631,'26/02/2016',2,1,13,0,1,'A',0,1,'A',19,'2019-08-25 19:49:32','2019-08-25 19:49:32'),(632,'27/02/2016',2,1,11,2,2,'D',2,0,'H',21,'2019-08-25 19:49:32','2019-08-25 19:49:32'),(633,'27/02/2016',2,1,23,0,1,'A',0,0,'D',9,'2019-08-25 19:49:32','2019-08-25 19:49:32'),(634,'27/02/2016',2,1,16,0,1,'A',0,0,'D',6,'2019-08-25 19:49:32','2019-08-25 19:49:32'),(635,'27/02/2016',2,1,7,1,1,'D',0,0,'D',2,'2019-08-25 19:49:32','2019-08-25 19:49:32'),(636,'27/02/2016',2,1,8,2,4,'A',1,1,'D',12,'2019-08-25 19:49:32','2019-08-25 19:49:32'),(637,'28/02/2016',2,1,3,2,1,'H',1,1,'D',5,'2019-08-25 19:49:32','2019-08-25 19:49:32'),(638,'28/02/2016',2,1,1,0,1,'A',0,1,'A',4,'2019-08-25 19:49:32','2019-08-25 19:49:32'),(639,'28/02/2016',2,1,10,0,3,'A',0,0,'D',18,'2019-08-25 19:49:32','2019-08-25 19:49:32'),(640,'28/02/2016',2,1,20,3,0,'H',2,0,'H',22,'2019-08-25 19:49:32','2019-08-25 19:49:32'),(641,'01/03/2016',2,1,6,3,0,'H',1,0,'H',7,'2019-08-25 19:49:32','2019-08-25 19:49:32'),(642,'01/03/2016',2,1,19,4,0,'H',2,0,'H',23,'2019-08-25 19:49:32','2019-08-25 19:49:32'),(643,'02/03/2016',2,1,18,4,1,'H',2,0,'H',1,'2019-08-25 19:49:32','2019-08-25 19:49:32'),(644,'02/03/2016',2,1,9,0,0,'D',0,0,'D',20,'2019-08-25 19:49:32','2019-08-25 19:49:32'),(645,'02/03/2016',2,1,22,1,3,'A',1,2,'A',16,'2019-08-25 19:49:32','2019-08-25 19:49:32'),(646,'02/03/2016',2,1,2,1,2,'A',1,1,'D',10,'2019-08-25 19:49:32','2019-08-25 19:49:32'),(647,'02/03/2016',2,1,5,1,0,'H',1,0,'H',13,'2019-08-25 19:49:32','2019-08-25 19:49:32'),(648,'03/03/2016',2,1,12,0,3,'A',0,2,'A',11,'2019-08-25 19:49:32','2019-08-25 19:49:32'),(649,'03/03/2016',2,1,4,2,0,'H',0,0,'D',8,'2019-08-25 19:49:32','2019-08-25 19:49:32'),(650,'03/03/2016',2,1,21,1,5,'A',0,2,'A',3,'2019-08-25 19:49:32','2019-08-25 19:49:32'),(651,'05/03/2016',2,1,23,1,1,'D',0,0,'D',5,'2019-08-25 19:49:32','2019-08-25 19:49:32'),(652,'05/03/2016',2,1,1,3,3,'D',1,1,'D',2,'2019-08-25 19:49:32','2019-08-25 19:49:32'),(653,'05/03/2016',2,1,16,7,1,'H',1,0,'H',9,'2019-08-25 19:49:32','2019-08-25 19:49:32'),(654,'05/03/2016',2,1,20,0,1,'A',0,1,'A',19,'2019-08-25 19:49:32','2019-08-25 19:49:32'),(655,'06/03/2016',2,1,11,2,0,'H',0,0,'D',4,'2019-08-25 19:49:32','2019-08-25 19:49:32'),(656,'06/03/2016',2,1,13,0,4,'A',0,2,'A',3,'2019-08-25 19:49:32','2019-08-25 19:49:32'),(657,'06/03/2016',2,1,7,1,1,'D',1,1,'D',22,'2019-08-25 19:49:32','2019-08-25 19:49:32'),(658,'06/03/2016',2,1,8,0,2,'A',0,1,'A',18,'2019-08-25 19:49:32','2019-08-25 19:49:32'),(659,'06/03/2016',2,1,10,1,3,'A',1,1,'D',6,'2019-08-25 19:49:32','2019-08-25 19:49:32'),(660,'07/03/2016',2,1,12,2,1,'H',1,0,'H',21,'2019-08-25 19:49:32','2019-08-25 19:49:32'),(661,'11/03/2016',2,1,2,1,0,'H',1,0,'H',8,'2019-08-25 19:49:32','2019-08-25 19:49:32'),(662,'12/03/2016',2,1,6,3,0,'H',1,0,'H',1,'2019-08-25 19:49:32','2019-08-25 19:49:32'),(663,'12/03/2016',2,1,3,6,0,'H',4,0,'H',23,'2019-08-25 19:49:32','2019-08-25 19:49:32'),(664,'12/03/2016',2,1,9,1,0,'H',1,0,'H',7,'2019-08-25 19:49:32','2019-08-25 19:49:32'),(665,'12/03/2016',2,1,21,1,1,'D',1,1,'D',13,'2019-08-25 19:49:32','2019-08-25 19:49:32'),(666,'13/03/2016',2,1,18,3,1,'H',2,0,'H',11,'2019-08-25 19:49:32','2019-08-25 19:49:32'),(667,'13/03/2016',2,1,19,1,2,'A',0,1,'A',16,'2019-08-25 19:49:32','2019-08-25 19:49:32'),(668,'13/03/2016',2,1,22,1,0,'H',0,0,'D',10,'2019-08-25 19:49:32','2019-08-25 19:49:32'),(669,'13/03/2016',2,1,5,4,2,'H',1,2,'A',20,'2019-08-25 19:49:32','2019-08-25 19:49:32'),(670,'14/03/2016',2,1,4,1,1,'D',1,0,'H',12,'2019-08-25 19:49:32','2019-08-25 19:49:32'),(671,'18/03/2016',2,1,23,1,1,'D',1,0,'H',13,'2019-08-25 19:49:32','2019-08-25 19:49:32'),(672,'19/03/2016',2,1,11,0,1,'A',0,0,'D',2,'2019-08-25 19:49:32','2019-08-25 19:49:32'),(673,'19/03/2016',2,1,4,2,2,'D',1,1,'D',21,'2019-08-25 19:49:32','2019-08-25 19:49:32'),(674,'19/03/2016',2,1,1,2,1,'H',1,0,'H',22,'2019-08-25 19:49:32','2019-08-25 19:49:32'),(675,'19/03/2016',2,1,7,0,1,'A',0,1,'A',19,'2019-08-25 19:49:32','2019-08-25 19:49:32'),(676,'19/03/2016',2,1,8,2,1,'H',0,1,'A',6,'2019-08-25 19:49:32','2019-08-25 19:49:32'),(677,'20/03/2016',2,1,12,2,1,'H',0,1,'A',18,'2019-08-25 19:49:32','2019-08-25 19:49:32'),(678,'20/03/2016',2,1,16,4,0,'H',1,0,'H',5,'2019-08-25 19:49:32','2019-08-25 19:49:32'),(679,'20/03/2016',2,1,10,0,2,'A',0,0,'D',9,'2019-08-25 19:49:32','2019-08-25 19:49:32'),(680,'20/03/2016',2,1,20,2,2,'D',0,2,'A',3,'2019-08-25 19:49:32','2019-08-25 19:49:32'),(681,'01/04/2016',2,1,21,2,0,'H',1,0,'H',23,'2019-08-25 19:49:32','2019-08-25 19:49:32'),(682,'02/04/2016',2,1,6,5,1,'H',2,0,'H',11,'2019-08-25 19:49:32','2019-08-25 19:49:32'),(683,'02/04/2016',2,1,3,1,2,'A',0,0,'D',16,'2019-08-25 19:49:32','2019-08-25 19:49:32'),(684,'02/04/2016',2,1,9,1,1,'D',1,1,'D',1,'2019-08-25 19:49:32','2019-08-25 19:49:32'),(685,'02/04/2016',2,1,19,2,1,'H',0,1,'A',10,'2019-08-25 19:49:32','2019-08-25 19:49:32'),(686,'03/04/2016',2,1,18,1,1,'D',1,0,'H',4,'2019-08-25 19:49:32','2019-08-25 19:49:32'),(687,'03/04/2016',2,1,13,1,2,'A',1,1,'D',20,'2019-08-25 19:49:32','2019-08-25 19:49:32'),(688,'03/04/2016',2,1,2,1,1,'D',1,1,'D',12,'2019-08-25 19:49:32','2019-08-25 19:49:32'),(689,'03/04/2016',2,1,5,1,2,'A',0,2,'A',7,'2019-08-25 19:49:32','2019-08-25 19:49:32'),(690,'04/04/2016',2,1,22,0,0,'D',0,0,'D',8,'2019-08-25 19:49:32','2019-08-25 19:49:32'),(691,'08/04/2016',2,1,4,0,0,'D',0,0,'D',2,'2019-08-25 19:49:32','2019-08-25 19:49:32'),(692,'09/04/2016',2,1,11,1,0,'H',0,0,'D',22,'2019-08-25 19:49:32','2019-08-25 19:49:32'),(693,'09/04/2016',2,1,12,1,3,'A',1,1,'D',6,'2019-08-25 19:49:32','2019-08-25 19:49:32'),(694,'09/04/2016',2,1,16,4,0,'H',4,0,'H',13,'2019-08-25 19:49:32','2019-08-25 19:49:32'),(695,'09/04/2016',2,1,7,1,0,'H',1,0,'H',3,'2019-08-25 19:49:32','2019-08-25 19:49:32'),(696,'10/04/2016',2,1,18,1,0,'H',0,0,'D',21,'2019-08-25 19:49:32','2019-08-25 19:49:32'),(697,'10/04/2016',2,1,8,0,1,'A',0,0,'D',9,'2019-08-25 19:49:32','2019-08-25 19:49:32'),(698,'10/04/2016',2,1,10,2,1,'H',1,0,'H',5,'2019-08-25 19:49:32','2019-08-25 19:49:32'),(699,'10/04/2016',2,1,20,2,0,'H',1,0,'H',23,'2019-08-25 19:49:32','2019-08-25 19:49:32'),(700,'11/04/2016',2,1,1,1,3,'A',0,0,'D',19,'2019-08-25 19:49:32','2019-08-25 19:49:32'),(701,'15/04/2016',2,1,22,2,1,'H',1,1,'D',12,'2019-08-25 19:49:32','2019-08-25 19:49:32'),(702,'16/04/2016',2,1,9,1,1,'D',0,1,'A',11,'2019-08-25 19:49:32','2019-08-25 19:49:32'),(703,'16/04/2016',2,1,13,2,1,'H',1,1,'D',7,'2019-08-25 19:49:32','2019-08-25 19:49:32'),(704,'16/04/2016',2,1,23,1,5,'A',0,2,'A',16,'2019-08-25 19:49:32','2019-08-25 19:49:32'),(705,'16/04/2016',2,1,19,1,1,'D',1,0,'H',8,'2019-08-25 19:49:32','2019-08-25 19:49:32'),(706,'17/04/2016',2,1,6,3,0,'H',1,0,'H',4,'2019-08-25 19:49:32','2019-08-25 19:49:32'),(707,'17/04/2016',2,1,3,1,2,'A',0,2,'A',10,'2019-08-25 19:49:32','2019-08-25 19:49:32'),(708,'17/04/2016',2,1,2,0,1,'A',0,0,'D',18,'2019-08-25 19:49:32','2019-08-25 19:49:32'),(709,'17/04/2016',2,1,5,1,1,'D',1,0,'H',1,'2019-08-25 19:49:32','2019-08-25 19:49:32'),(710,'17/04/2016',2,1,21,2,1,'H',1,1,'D',20,'2019-08-25 19:49:32','2019-08-25 19:49:32'),(711,'19/04/2016',2,1,11,1,0,'H',0,0,'D',19,'2019-08-25 19:49:32','2019-08-25 19:49:32'),(712,'19/04/2016',2,1,12,1,1,'D',1,1,'D',9,'2019-08-25 19:49:32','2019-08-25 19:49:32'),(713,'20/04/2016',2,1,18,0,1,'A',0,1,'A',6,'2019-08-25 19:49:32','2019-08-25 19:49:32'),(714,'20/04/2016',2,1,1,0,8,'A',0,2,'A',3,'2019-08-25 19:49:32','2019-08-25 19:49:32'),(715,'20/04/2016',2,1,2,1,1,'D',0,0,'D',21,'2019-08-25 19:49:32','2019-08-25 19:49:32'),(716,'20/04/2016',2,1,16,3,0,'H',1,0,'H',20,'2019-08-25 19:49:32','2019-08-25 19:49:32'),(717,'20/04/2016',2,1,8,2,1,'H',1,1,'D',5,'2019-08-25 19:49:32','2019-08-25 19:49:32'),(718,'20/04/2016',2,1,10,4,0,'H',3,0,'H',13,'2019-08-25 19:49:32','2019-08-25 19:49:32'),(719,'21/04/2016',2,1,4,5,1,'H',3,0,'H',22,'2019-08-25 19:49:32','2019-08-25 19:49:32'),(720,'21/04/2016',2,1,7,1,2,'A',1,1,'D',23,'2019-08-25 19:49:32','2019-08-25 19:49:32'),(721,'22/04/2016',2,1,19,4,0,'H',1,0,'H',12,'2019-08-25 19:49:32','2019-08-25 19:49:32'),(722,'23/04/2016',2,1,6,1,0,'H',0,0,'D',2,'2019-08-25 19:49:32','2019-08-25 19:49:32'),(723,'23/04/2016',2,1,3,6,0,'H',1,0,'H',8,'2019-08-25 19:49:32','2019-08-25 19:49:32'),(724,'23/04/2016',2,1,13,1,1,'D',1,0,'H',1,'2019-08-25 19:49:32','2019-08-25 19:49:32'),(725,'23/04/2016',2,1,21,2,3,'A',2,1,'H',16,'2019-08-25 19:49:32','2019-08-25 19:49:32'),(726,'24/04/2016',2,1,23,2,2,'D',0,0,'D',10,'2019-08-25 19:49:32','2019-08-25 19:49:32'),(727,'24/04/2016',2,1,22,2,2,'D',1,0,'H',18,'2019-08-25 19:49:32','2019-08-25 19:49:32'),(728,'24/04/2016',2,1,5,2,0,'H',0,0,'D',11,'2019-08-25 19:49:32','2019-08-25 19:49:32'),(729,'24/04/2016',2,1,20,0,0,'D',0,0,'D',7,'2019-08-25 19:49:32','2019-08-25 19:49:32'),(730,'25/04/2016',2,1,9,2,1,'H',1,0,'H',4,'2019-08-25 19:49:32','2019-08-25 19:49:32'),(731,'29/04/2016',2,1,8,2,0,'H',1,0,'H',13,'2019-08-25 19:49:32','2019-08-25 19:49:32'),(732,'30/04/2016',2,1,6,1,0,'H',0,0,'D',21,'2019-08-25 19:49:32','2019-08-25 19:49:32'),(733,'30/04/2016',2,1,11,0,2,'A',0,0,'D',3,'2019-08-25 19:49:32','2019-08-25 19:49:32'),(734,'30/04/2016',2,1,4,3,2,'H',2,2,'D',19,'2019-08-25 19:49:32','2019-08-25 19:49:32'),(735,'30/04/2016',2,1,7,0,1,'A',0,0,'D',16,'2019-08-25 19:49:32','2019-08-25 19:49:32'),(736,'01/05/2016',2,1,18,2,1,'H',1,1,'D',9,'2019-08-25 19:49:32','2019-08-25 19:49:32'),(737,'01/05/2016',2,1,12,1,0,'H',0,0,'D',5,'2019-08-25 19:49:32','2019-08-25 19:49:32'),(738,'01/05/2016',2,1,1,0,2,'A',0,1,'A',23,'2019-08-25 19:49:32','2019-08-25 19:49:32'),(739,'01/05/2016',2,1,10,0,2,'A',0,2,'A',20,'2019-08-25 19:49:32','2019-08-25 19:49:32'),(740,'02/05/2016',2,1,2,3,1,'H',1,1,'D',22,'2019-08-25 19:49:32','2019-08-25 19:49:32'),(741,'08/05/2016',2,1,3,5,0,'H',1,0,'H',12,'2019-08-25 19:49:32','2019-08-25 19:49:32'),(742,'08/05/2016',2,1,9,1,0,'H',1,0,'H',2,'2019-08-25 19:49:32','2019-08-25 19:49:32'),(743,'08/05/2016',2,1,13,1,1,'D',0,1,'A',11,'2019-08-25 19:49:32','2019-08-25 19:49:32'),(744,'08/05/2016',2,1,23,1,1,'D',0,0,'D',8,'2019-08-25 19:49:32','2019-08-25 19:49:32'),(745,'08/05/2016',2,1,19,0,0,'D',0,0,'D',18,'2019-08-25 19:49:32','2019-08-25 19:49:32'),(746,'08/05/2016',2,1,22,2,1,'H',1,1,'D',6,'2019-08-25 19:49:32','2019-08-25 19:49:32'),(747,'08/05/2016',2,1,16,3,2,'H',2,0,'H',10,'2019-08-25 19:49:32','2019-08-25 19:49:32'),(748,'08/05/2016',2,1,5,1,4,'A',0,1,'A',4,'2019-08-25 19:49:32','2019-08-25 19:49:32'),(749,'08/05/2016',2,1,7,2,1,'H',1,0,'H',21,'2019-08-25 19:49:32','2019-08-25 19:49:32'),(750,'08/05/2016',2,1,20,0,2,'A',0,1,'A',1,'2019-08-25 19:49:32','2019-08-25 19:49:32'),(751,'13/05/2016',2,1,10,0,1,'A',0,0,'D',7,'2019-08-25 19:49:32','2019-08-25 19:49:32'),(752,'14/05/2016',2,1,18,3,1,'H',2,0,'H',5,'2019-08-25 19:49:32','2019-08-25 19:49:32'),(753,'14/05/2016',2,1,6,2,0,'H',0,0,'D',9,'2019-08-25 19:49:32','2019-08-25 19:49:32'),(754,'14/05/2016',2,1,4,0,3,'A',0,2,'A',3,'2019-08-25 19:49:32','2019-08-25 19:49:32'),(755,'14/05/2016',2,1,1,0,2,'A',0,2,'A',16,'2019-08-25 19:49:32','2019-08-25 19:49:32'),(756,'15/05/2016',2,1,11,2,1,'H',0,0,'D',23,'2019-08-25 19:49:32','2019-08-25 19:49:32'),(757,'15/05/2016',2,1,12,4,2,'H',2,0,'H',13,'2019-08-25 19:49:32','2019-08-25 19:49:32'),(758,'15/05/2016',2,1,2,4,1,'H',2,1,'H',19,'2019-08-25 19:49:32','2019-08-25 19:49:32'),(759,'15/05/2016',2,1,8,2,0,'H',1,0,'H',20,'2019-08-25 19:49:32','2019-08-25 19:49:32'),(760,'15/05/2016',2,1,21,3,1,'H',2,0,'H',22,'2019-08-25 19:49:32','2019-08-25 19:49:32'),(761,'19/08/2016',1,2,24,1,1,'D',0,0,'D',40,'2019-08-25 19:49:32','2019-08-25 19:49:32'),(762,'19/08/2016',1,2,25,1,1,'D',0,0,'D',23,'2019-08-25 19:49:32','2019-08-25 19:49:32'),(763,'20/08/2016',1,2,26,0,0,'D',0,0,'D',41,'2019-08-25 19:49:32','2019-08-25 19:49:32'),(764,'20/08/2016',1,2,27,1,0,'H',1,0,'H',35,'2019-08-25 19:49:32','2019-08-25 19:49:32'),(765,'20/08/2016',1,2,28,2,1,'H',2,1,'H',21,'2019-08-25 19:49:32','2019-08-25 19:49:32'),(766,'20/08/2016',1,2,29,0,1,'A',0,0,'D',39,'2019-08-25 19:49:32','2019-08-25 19:49:32'),(767,'21/08/2016',1,2,30,2,2,'D',0,2,'A',37,'2019-08-25 19:49:32','2019-08-25 19:49:32'),(768,'21/08/2016',1,2,31,0,1,'A',0,0,'D',22,'2019-08-25 19:49:32','2019-08-25 19:49:32'),(769,'21/08/2016',1,2,32,3,3,'D',1,0,'H',36,'2019-08-25 19:49:32','2019-08-25 19:49:32'),(770,'21/08/2016',1,2,33,1,0,'H',1,0,'H',38,'2019-08-25 19:49:32','2019-08-25 19:49:32'),(771,'22/08/2016',1,2,34,3,1,'H',3,0,'H',42,'2019-08-25 19:49:32','2019-08-25 19:49:32'),(772,'26/08/2016',1,2,23,0,0,'D',0,0,'D',31,'2019-08-25 19:49:32','2019-08-25 19:49:32'),(773,'26/08/2016',1,2,35,1,1,'D',0,1,'A',32,'2019-08-25 19:49:32','2019-08-25 19:49:32'),(774,'27/08/2016',1,2,36,3,1,'H',2,0,'H',28,'2019-08-25 19:49:32','2019-08-25 19:49:32'),(775,'27/08/2016',1,2,37,3,3,'D',1,1,'D',34,'2019-08-25 19:49:32','2019-08-25 19:49:32'),(776,'27/08/2016',1,2,38,2,0,'H',0,0,'D',24,'2019-08-25 19:49:32','2019-08-25 19:49:32'),(777,'27/08/2016',1,2,39,1,1,'D',1,1,'D',25,'2019-08-25 19:49:32','2019-08-25 19:49:32'),(778,'28/08/2016',1,2,40,1,1,'D',1,0,'H',29,'2019-08-25 19:49:32','2019-08-25 19:49:32'),(779,'28/08/2016',1,2,41,1,1,'D',0,0,'D',30,'2019-08-25 19:49:32','2019-08-25 19:49:32'),(780,'28/08/2016',1,2,22,2,0,'H',2,0,'H',26,'2019-08-25 19:49:32','2019-08-25 19:49:32'),(781,'28/08/2016',1,2,42,1,1,'D',0,0,'D',27,'2019-08-25 19:49:32','2019-08-25 19:49:32'),(782,'28/08/2016',1,2,21,0,0,'D',0,0,'D',33,'2019-08-25 19:49:32','2019-08-25 19:49:32'),(783,'02/09/2016',1,2,27,3,3,'D',1,1,'D',37,'2019-08-25 19:49:32','2019-08-25 19:49:32'),(784,'02/09/2016',1,2,32,1,1,'D',0,0,'D',42,'2019-08-25 19:49:32','2019-08-25 19:49:32'),(785,'03/09/2016',1,2,24,3,0,'H',2,0,'H',21,'2019-08-25 19:49:32','2019-08-25 19:49:32'),(786,'03/09/2016',1,2,28,3,1,'H',1,0,'H',35,'2019-08-25 19:49:32','2019-08-25 19:49:32'),(787,'03/09/2016',1,2,23,1,1,'D',0,0,'D',39,'2019-08-25 19:49:32','2019-08-25 19:49:32'),(788,'03/09/2016',1,2,25,3,2,'H',0,2,'A',40,'2019-08-25 19:49:32','2019-08-25 19:49:32'),(789,'03/09/2016',1,2,33,2,1,'H',2,0,'H',36,'2019-08-25 19:49:32','2019-08-25 19:49:32'),(790,'04/09/2016',1,2,30,1,1,'D',0,0,'D',22,'2019-08-25 19:49:32','2019-08-25 19:49:32'),(791,'04/09/2016',1,2,29,0,0,'D',0,0,'D',38,'2019-08-25 19:49:32','2019-08-25 19:49:32'),(792,'04/09/2016',1,2,31,1,1,'D',1,1,'D',26,'2019-08-25 19:49:32','2019-08-25 19:49:32'),(793,'04/09/2016',1,2,34,1,0,'H',0,0,'D',41,'2019-08-25 19:49:32','2019-08-25 19:49:32'),(794,'10/09/2016',1,2,22,4,2,'H',3,1,'H',34,'2019-08-25 19:49:32','2019-08-25 19:49:32'),(795,'10/09/2016',1,2,37,1,0,'H',0,0,'D',32,'2019-08-25 19:49:32','2019-08-25 19:49:32'),(796,'10/09/2016',1,2,39,1,1,'D',0,0,'D',31,'2019-08-25 19:49:32','2019-08-25 19:49:32'),(797,'10/09/2016',1,2,35,1,0,'H',1,0,'H',33,'2019-08-25 19:49:32','2019-08-25 19:49:32'),(798,'11/09/2016',1,2,26,1,0,'H',0,0,'D',30,'2019-08-25 19:49:32','2019-08-25 19:49:32'),(799,'11/09/2016',1,2,40,3,0,'H',1,0,'H',23,'2019-08-25 19:49:32','2019-08-25 19:49:32'),(800,'11/09/2016',1,2,36,3,3,'D',2,1,'H',24,'2019-08-25 19:49:32','2019-08-25 19:49:32'),(801,'11/09/2016',1,2,41,3,0,'H',2,0,'H',27,'2019-08-25 19:49:32','2019-08-25 19:49:32'),(802,'11/09/2016',1,2,38,0,0,'D',0,0,'D',25,'2019-08-25 19:49:32','2019-08-25 19:49:32'),(803,'11/09/2016',1,2,42,1,1,'D',0,1,'A',28,'2019-08-25 19:49:32','2019-08-25 19:49:32'),(804,'11/09/2016',1,2,21,1,0,'H',0,0,'D',29,'2019-08-25 19:49:32','2019-08-25 19:49:32'),(805,'17/09/2016',1,2,27,1,0,'H',1,0,'H',22,'2019-08-25 19:49:32','2019-08-25 19:49:32'),(806,'17/09/2016',1,2,28,0,3,'A',0,2,'A',37,'2019-08-25 19:49:32','2019-08-25 19:49:32'),(807,'17/09/2016',1,2,31,1,0,'H',1,0,'H',30,'2019-08-25 19:49:32','2019-08-25 19:49:32'),(808,'17/09/2016',1,2,39,1,0,'H',0,0,'D',40,'2019-08-25 19:49:32','2019-08-25 19:49:32'),(809,'17/09/2016',1,2,33,0,1,'A',0,0,'D',42,'2019-08-25 19:49:32','2019-08-25 19:49:32'),(810,'17/09/2016',1,2,34,2,0,'H',1,0,'H',26,'2019-08-25 19:49:32','2019-08-25 19:49:32'),(811,'18/09/2016',1,2,24,0,1,'A',0,0,'D',35,'2019-08-25 19:49:32','2019-08-25 19:49:32'),(812,'18/09/2016',1,2,23,2,1,'H',0,1,'A',38,'2019-08-25 19:49:32','2019-08-25 19:49:32'),(813,'18/09/2016',1,2,29,1,0,'H',1,0,'H',36,'2019-08-25 19:49:32','2019-08-25 19:49:32'),(814,'18/09/2016',1,2,25,2,1,'H',1,1,'D',21,'2019-08-25 19:49:32','2019-08-25 19:49:32'),(815,'18/09/2016',1,2,32,2,0,'H',0,0,'D',41,'2019-08-25 19:49:32','2019-08-25 19:49:32'),(816,'20/09/2016',1,2,26,0,1,'A',0,0,'D',27,'2019-08-25 19:49:32','2019-08-25 19:49:32'),(817,'20/09/2016',1,2,40,1,0,'H',0,0,'D',31,'2019-08-25 19:49:32','2019-08-25 19:49:32'),(818,'20/09/2016',1,2,30,0,0,'D',0,0,'D',34,'2019-08-25 19:49:32','2019-08-25 19:49:32'),(819,'20/09/2016',1,2,37,1,0,'H',1,0,'H',33,'2019-08-25 19:49:32','2019-08-25 19:49:32'),(820,'21/09/2016',1,2,41,0,3,'A',0,0,'D',28,'2019-08-25 19:49:32','2019-08-25 19:49:32'),(821,'21/09/2016',1,2,22,1,0,'H',0,0,'D',32,'2019-08-25 19:49:32','2019-08-25 19:49:32'),(822,'21/09/2016',1,2,42,4,0,'H',1,0,'H',24,'2019-08-25 19:49:32','2019-08-25 19:49:32'),(823,'22/09/2016',1,2,36,1,1,'D',0,0,'D',25,'2019-08-25 19:49:32','2019-08-25 19:49:32'),(824,'22/09/2016',1,2,38,0,1,'A',0,0,'D',39,'2019-08-25 19:49:32','2019-08-25 19:49:32'),(825,'22/09/2016',1,2,35,0,0,'D',0,0,'D',29,'2019-08-25 19:49:32','2019-08-25 19:49:32'),(826,'22/09/2016',1,2,21,2,0,'H',1,0,'H',23,'2019-08-25 19:49:32','2019-08-25 19:49:32'),(827,'24/09/2016',1,2,24,0,0,'D',0,0,'D',37,'2019-08-25 19:49:32','2019-08-25 19:49:32'),(828,'24/09/2016',1,2,27,2,0,'H',1,0,'H',30,'2019-08-25 19:49:32','2019-08-25 19:49:32'),(829,'24/09/2016',1,2,28,0,1,'A',0,0,'D',22,'2019-08-25 19:49:32','2019-08-25 19:49:32'),(830,'24/09/2016',1,2,32,1,1,'D',1,0,'H',26,'2019-08-25 19:49:32','2019-08-25 19:49:32'),(831,'24/09/2016',1,2,33,1,2,'A',0,0,'D',41,'2019-08-25 19:49:32','2019-08-25 19:49:32'),(832,'25/09/2016',1,2,40,0,2,'A',0,2,'A',38,'2019-08-25 19:49:32','2019-08-25 19:49:32'),(833,'25/09/2016',1,2,23,0,2,'A',0,1,'A',36,'2019-08-25 19:49:32','2019-08-25 19:49:32'),(834,'25/09/2016',1,2,29,0,0,'D',0,0,'D',42,'2019-08-25 19:49:32','2019-08-25 19:49:32'),(835,'25/09/2016',1,2,25,3,2,'H',2,0,'H',35,'2019-08-25 19:49:32','2019-08-25 19:49:32'),(836,'25/09/2016',1,2,31,2,1,'H',1,1,'D',34,'2019-08-25 19:49:32','2019-08-25 19:49:32'),(837,'25/09/2016',1,2,39,1,1,'D',1,0,'H',21,'2019-08-25 19:49:32','2019-08-25 19:49:32'),(838,'01/10/2016',1,2,26,1,0,'H',0,0,'D',28,'2019-08-25 19:49:32','2019-08-25 19:49:32'),(839,'01/10/2016',1,2,30,1,1,'D',1,1,'D',32,'2019-08-25 19:49:32','2019-08-25 19:49:32'),(840,'01/10/2016',1,2,41,2,0,'H',1,0,'H',24,'2019-08-25 19:49:32','2019-08-25 19:49:32'),(841,'01/10/2016',1,2,37,3,1,'H',2,1,'H',29,'2019-08-25 19:49:32','2019-08-25 19:49:32'),(842,'01/10/2016',1,2,34,1,1,'D',1,1,'D',27,'2019-08-25 19:49:32','2019-08-25 19:49:32'),(843,'02/10/2016',1,2,36,1,0,'H',0,0,'D',39,'2019-08-25 19:49:32','2019-08-25 19:49:32'),(844,'02/10/2016',1,2,22,3,2,'H',1,1,'D',33,'2019-08-25 19:49:32','2019-08-25 19:49:32'),(845,'02/10/2016',1,2,38,2,2,'D',1,1,'D',31,'2019-08-25 19:49:32','2019-08-25 19:49:32'),(846,'02/10/2016',1,2,35,0,0,'D',0,0,'D',23,'2019-08-25 19:49:32','2019-08-25 19:49:32'),(847,'02/10/2016',1,2,42,2,2,'D',1,2,'A',25,'2019-08-25 19:49:32','2019-08-25 19:49:32'),(848,'02/10/2016',1,2,21,3,0,'H',1,0,'H',40,'2019-08-25 19:49:32','2019-08-25 19:49:32'),(849,'08/10/2016',1,2,28,4,4,'D',2,1,'H',30,'2019-08-25 19:49:32','2019-08-25 19:49:32'),(850,'08/10/2016',1,2,23,2,0,'H',0,0,'D',42,'2019-08-25 19:49:32','2019-08-25 19:49:32'),(851,'08/10/2016',1,2,31,1,1,'D',1,0,'H',27,'2019-08-25 19:49:32','2019-08-25 19:49:32'),(852,'08/10/2016',1,2,39,0,0,'D',0,0,'D',35,'2019-08-25 19:49:32','2019-08-25 19:49:32'),(853,'08/10/2016',1,2,32,2,1,'H',0,0,'D',34,'2019-08-25 19:49:32','2019-08-25 19:49:32'),(854,'08/10/2016',1,2,33,2,0,'H',2,0,'H',26,'2019-08-25 19:49:32','2019-08-25 19:49:32'),(855,'09/10/2016',1,2,24,2,2,'D',1,0,'H',22,'2019-08-25 19:49:32','2019-08-25 19:49:32'),(856,'09/10/2016',1,2,40,0,0,'D',0,0,'D',36,'2019-08-25 19:49:32','2019-08-25 19:49:32'),(857,'09/10/2016',1,2,29,3,0,'H',2,0,'H',41,'2019-08-25 19:49:32','2019-08-25 19:49:32'),(858,'09/10/2016',1,2,25,2,2,'D',0,2,'A',37,'2019-08-25 19:49:32','2019-08-25 19:49:32'),(859,'09/10/2016',1,2,38,2,0,'H',1,0,'H',21,'2019-08-25 19:49:32','2019-08-25 19:49:32'),(860,'15/10/2016',1,2,26,0,0,'D',0,0,'D',24,'2019-08-25 19:49:32','2019-08-25 19:49:32'),(861,'15/10/2016',1,2,36,0,0,'D',0,0,'D',38,'2019-08-25 19:49:32','2019-08-25 19:49:32'),(862,'15/10/2016',1,2,41,3,0,'H',1,0,'H',25,'2019-08-25 19:49:32','2019-08-25 19:49:32'),(863,'15/10/2016',1,2,22,2,1,'H',1,1,'D',29,'2019-08-25 19:49:32','2019-08-25 19:49:32'),(864,'15/10/2016',1,2,37,0,1,'A',0,0,'D',23,'2019-08-25 19:49:32','2019-08-25 19:49:32'),(865,'16/10/2016',1,2,27,0,1,'A',0,0,'D',32,'2019-08-25 19:49:32','2019-08-25 19:49:32'),(866,'16/10/2016',1,2,30,1,2,'A',1,1,'D',33,'2019-08-25 19:49:32','2019-08-25 19:49:32'),(867,'16/10/2016',1,2,35,1,1,'D',0,0,'D',40,'2019-08-25 19:49:32','2019-08-25 19:49:32'),(868,'16/10/2016',1,2,42,0,2,'A',0,2,'A',39,'2019-08-25 19:49:32','2019-08-25 19:49:32'),(869,'16/10/2016',1,2,21,3,3,'D',1,1,'D',31,'2019-08-25 19:49:32','2019-08-25 19:49:32'),(870,'16/10/2016',1,2,34,1,3,'A',0,3,'A',28,'2019-08-25 19:49:32','2019-08-25 19:49:32'),(871,'22/10/2016',1,2,28,1,1,'D',1,0,'H',27,'2019-08-25 19:49:32','2019-08-25 19:49:32'),(872,'22/10/2016',1,2,23,1,1,'D',0,0,'D',41,'2019-08-25 19:49:32','2019-08-25 19:49:32'),(873,'22/10/2016',1,2,31,1,2,'A',1,1,'D',32,'2019-08-25 19:49:32','2019-08-25 19:49:32'),(874,'22/10/2016',1,2,39,2,1,'H',2,0,'H',37,'2019-08-25 19:49:32','2019-08-25 19:49:32'),(875,'22/10/2016',1,2,21,1,0,'H',0,0,'D',36,'2019-08-25 19:49:32','2019-08-25 19:49:32'),(876,'23/10/2016',1,2,24,3,0,'H',1,0,'H',30,'2019-08-25 19:49:32','2019-08-25 19:49:32'),(877,'23/10/2016',1,2,40,2,2,'D',2,0,'H',42,'2019-08-25 19:49:32','2019-08-25 19:49:32'),(878,'23/10/2016',1,2,29,1,0,'H',0,0,'D',26,'2019-08-25 19:49:32','2019-08-25 19:49:32'),(879,'23/10/2016',1,2,25,0,3,'A',0,1,'A',22,'2019-08-25 19:49:32','2019-08-25 19:49:32'),(880,'23/10/2016',1,2,38,2,0,'H',1,0,'H',35,'2019-08-25 19:49:32','2019-08-25 19:49:32'),(881,'23/10/2016',1,2,33,0,0,'D',0,0,'D',34,'2019-08-25 19:49:32','2019-08-25 19:49:32'),(882,'29/10/2016',1,2,27,1,1,'D',1,1,'D',33,'2019-08-25 19:49:32','2019-08-25 19:49:32'),(883,'29/10/2016',1,2,41,2,1,'H',0,1,'A',39,'2019-08-25 19:49:32','2019-08-25 19:49:32'),(884,'29/10/2016',1,2,35,3,2,'H',2,1,'H',21,'2019-08-25 19:49:32','2019-08-25 19:49:32'),(885,'29/10/2016',1,2,34,2,1,'H',1,0,'H',24,'2019-08-25 19:49:32','2019-08-25 19:49:32'),(886,'30/10/2016',1,2,26,1,0,'H',0,0,'D',25,'2019-08-25 19:49:32','2019-08-25 19:49:32'),(887,'30/10/2016',1,2,30,2,2,'D',1,0,'H',29,'2019-08-25 19:49:32','2019-08-25 19:49:32'),(888,'30/10/2016',1,2,36,3,0,'H',3,0,'H',31,'2019-08-25 19:49:32','2019-08-25 19:49:32'),(889,'30/10/2016',1,2,22,1,1,'D',1,1,'D',23,'2019-08-25 19:49:32','2019-08-25 19:49:32'),(890,'30/10/2016',1,2,37,0,1,'A',0,0,'D',40,'2019-08-25 19:49:32','2019-08-25 19:49:32'),(891,'30/10/2016',1,2,32,2,0,'H',0,0,'D',28,'2019-08-25 19:49:32','2019-08-25 19:49:32'),(892,'30/10/2016',1,2,42,0,1,'A',0,1,'A',38,'2019-08-25 19:49:32','2019-08-25 19:49:32'),(893,'05/11/2016',1,2,40,1,0,'H',0,0,'D',41,'2019-08-25 19:49:32','2019-08-25 19:49:32'),(894,'05/11/2016',1,2,36,1,1,'D',1,1,'D',35,'2019-08-25 19:49:32','2019-08-25 19:49:32'),(895,'05/11/2016',1,2,29,2,2,'D',0,1,'A',34,'2019-08-25 19:49:32','2019-08-25 19:49:32'),(896,'05/11/2016',1,2,33,2,0,'H',0,0,'D',32,'2019-08-25 19:49:32','2019-08-25 19:49:32'),(897,'05/11/2016',1,2,21,0,1,'A',0,0,'D',42,'2019-08-25 19:49:32','2019-08-25 19:49:32'),(898,'06/11/2016',1,2,24,3,1,'H',3,1,'H',27,'2019-08-25 19:49:32','2019-08-25 19:49:32'),(899,'06/11/2016',1,2,23,1,0,'H',0,0,'D',26,'2019-08-25 19:49:32','2019-08-25 19:49:32'),(900,'06/11/2016',1,2,25,0,1,'A',0,0,'D',30,'2019-08-25 19:49:32','2019-08-25 19:49:32'),(901,'06/11/2016',1,2,31,2,2,'D',2,0,'H',28,'2019-08-25 19:49:32','2019-08-25 19:49:32'),(902,'06/11/2016',1,2,38,1,1,'D',0,1,'A',37,'2019-08-25 19:49:32','2019-08-25 19:49:32'),(903,'06/11/2016',1,2,39,0,1,'A',0,0,'D',22,'2019-08-25 19:49:32','2019-08-25 19:49:32'),(904,'11/11/2016',1,2,27,0,2,'A',0,0,'D',29,'2019-08-25 19:49:32','2019-08-25 19:49:32'),(905,'12/11/2016',1,2,26,1,0,'H',0,0,'D',39,'2019-08-25 19:49:32','2019-08-25 19:49:32'),(906,'12/11/2016',1,2,28,2,0,'H',1,0,'H',33,'2019-08-25 19:49:32','2019-08-25 19:49:32'),(907,'12/11/2016',1,2,30,1,0,'H',1,0,'H',23,'2019-08-25 19:49:32','2019-08-25 19:49:32'),(908,'12/11/2016',1,2,41,4,0,'H',3,0,'H',38,'2019-08-25 19:49:32','2019-08-25 19:49:32'),(909,'12/11/2016',1,2,22,0,0,'D',0,0,'D',40,'2019-08-25 19:49:32','2019-08-25 19:49:32'),(910,'12/11/2016',1,2,35,1,1,'D',1,0,'H',31,'2019-08-25 19:49:32','2019-08-25 19:49:32'),(911,'13/11/2016',1,2,37,1,0,'H',1,0,'H',21,'2019-08-25 19:49:32','2019-08-25 19:49:32'),(912,'13/11/2016',1,2,32,1,0,'H',1,0,'H',24,'2019-08-25 19:49:32','2019-08-25 19:49:32'),(913,'13/11/2016',1,2,42,0,1,'A',0,0,'D',36,'2019-08-25 19:49:32','2019-08-25 19:49:32'),(914,'13/11/2016',1,2,34,2,0,'H',2,0,'H',25,'2019-08-25 19:49:32','2019-08-25 19:49:32'),(915,'18/11/2016',1,2,24,2,1,'H',1,1,'D',28,'2019-08-25 19:49:32','2019-08-25 19:49:32'),(916,'19/11/2016',1,2,36,3,1,'H',2,1,'H',37,'2019-08-25 19:49:32','2019-08-25 19:49:32'),(917,'19/11/2016',1,2,29,2,2,'D',0,2,'A',32,'2019-08-25 19:49:32','2019-08-25 19:49:32'),(918,'19/11/2016',1,2,31,2,1,'H',1,0,'H',33,'2019-08-25 19:49:32','2019-08-25 19:49:32'),(919,'19/11/2016',1,2,38,2,0,'H',0,0,'D',22,'2019-08-25 19:49:32','2019-08-25 19:49:32'),(920,'20/11/2016',1,2,40,4,1,'H',0,1,'A',26,'2019-08-25 19:49:32','2019-08-25 19:49:32'),(921,'20/11/2016',1,2,23,1,0,'H',0,0,'D',34,'2019-08-25 19:49:32','2019-08-25 19:49:32'),(922,'20/11/2016',1,2,25,1,1,'D',1,0,'H',27,'2019-08-25 19:49:32','2019-08-25 19:49:32'),(923,'20/11/2016',1,2,39,1,0,'H',0,0,'D',30,'2019-08-25 19:49:32','2019-08-25 19:49:32'),(924,'20/11/2016',1,2,35,2,1,'H',2,1,'H',42,'2019-08-25 19:49:32','2019-08-25 19:49:32'),(925,'20/11/2016',1,2,21,2,2,'D',1,1,'D',41,'2019-08-25 19:49:32','2019-08-25 19:49:32'),(926,'25/11/2016',1,2,30,1,0,'H',0,0,'D',40,'2019-08-25 19:49:32','2019-08-25 19:49:32'),(927,'26/11/2016',1,2,26,5,1,'H',2,0,'H',38,'2019-08-25 19:49:32','2019-08-25 19:49:32'),(928,'26/11/2016',1,2,37,1,3,'A',1,1,'D',35,'2019-08-25 19:49:32','2019-08-25 19:49:32'),(929,'26/11/2016',1,2,42,3,2,'H',0,1,'A',31,'2019-08-25 19:49:32','2019-08-25 19:49:32'),(930,'26/11/2016',1,2,33,0,0,'D',0,0,'D',24,'2019-08-25 19:49:32','2019-08-25 19:49:32'),(931,'26/11/2016',1,2,34,2,2,'D',1,0,'H',39,'2019-08-25 19:49:32','2019-08-25 19:49:32'),(932,'27/11/2016',1,2,27,1,3,'A',0,1,'A',23,'2019-08-25 19:49:32','2019-08-25 19:49:32'),(933,'27/11/2016',1,2,28,1,0,'H',0,0,'D',29,'2019-08-25 19:49:32','2019-08-25 19:49:32'),(934,'27/11/2016',1,2,41,1,2,'A',1,2,'A',36,'2019-08-25 19:49:32','2019-08-25 19:49:32'),(935,'27/11/2016',1,2,32,1,0,'H',1,0,'H',25,'2019-08-25 19:49:32','2019-08-25 19:49:32'),(936,'02/12/2016',1,2,23,2,0,'H',1,0,'H',32,'2019-08-25 19:49:32','2019-08-25 19:49:32'),(937,'03/12/2016',1,2,40,3,0,'H',1,0,'H',34,'2019-08-25 19:49:32','2019-08-25 19:49:32'),(938,'03/12/2016',1,2,25,1,0,'H',1,0,'H',28,'2019-08-25 19:49:32','2019-08-25 19:49:32'),(939,'03/12/2016',1,2,31,1,0,'H',1,0,'H',24,'2019-08-25 19:49:32','2019-08-25 19:49:32'),(940,'03/12/2016',1,2,42,1,2,'A',1,1,'D',37,'2019-08-25 19:49:32','2019-08-25 19:49:32'),(941,'04/12/2016',1,2,36,2,1,'H',1,0,'H',22,'2019-08-25 19:49:32','2019-08-25 19:49:32'),(942,'04/12/2016',1,2,29,0,3,'A',0,0,'D',33,'2019-08-25 19:49:32','2019-08-25 19:49:32'),(943,'04/12/2016',1,2,38,1,0,'H',1,0,'H',30,'2019-08-25 19:49:32','2019-08-25 19:49:32'),(944,'04/12/2016',1,2,39,1,2,'A',0,1,'A',27,'2019-08-25 19:49:32','2019-08-25 19:49:32'),(945,'04/12/2016',1,2,35,1,1,'D',1,0,'H',41,'2019-08-25 19:49:32','2019-08-25 19:49:32'),(946,'04/12/2016',1,2,21,2,0,'H',0,0,'D',26,'2019-08-25 19:49:32','2019-08-25 19:49:32'),(947,'09/12/2016',1,2,32,0,1,'A',0,0,'D',39,'2019-08-25 19:49:32','2019-08-25 19:49:32'),(948,'10/12/2016',1,2,28,2,2,'D',0,2,'A',23,'2019-08-25 19:49:32','2019-08-25 19:49:32'),(949,'10/12/2016',1,2,30,0,1,'A',0,0,'D',21,'2019-08-25 19:49:32','2019-08-25 19:49:32'),(950,'10/12/2016',1,2,41,5,2,'H',2,1,'H',42,'2019-08-25 19:49:32','2019-08-25 19:49:32'),(951,'10/12/2016',1,2,22,1,0,'H',0,0,'D',35,'2019-08-25 19:49:32','2019-08-25 19:49:32'),(952,'11/12/2016',1,2,26,2,1,'H',2,0,'H',36,'2019-08-25 19:49:32','2019-08-25 19:49:32'),(953,'11/12/2016',1,2,24,2,1,'H',1,0,'H',29,'2019-08-25 19:49:32','2019-08-25 19:49:32'),(954,'11/12/2016',1,2,27,1,3,'A',0,0,'D',40,'2019-08-25 19:49:32','2019-08-25 19:49:32'),(955,'11/12/2016',1,2,37,3,1,'H',1,1,'D',31,'2019-08-25 19:49:32','2019-08-25 19:49:32'),(956,'11/12/2016',1,2,33,5,0,'H',2,0,'H',25,'2019-08-25 19:49:32','2019-08-25 19:49:32'),(957,'11/12/2016',1,2,34,2,1,'H',1,0,'H',38,'2019-08-25 19:49:32','2019-08-25 19:49:32'),(958,'14/12/2016',1,2,22,1,0,'H',1,0,'H',21,'2019-08-25 19:49:32','2019-08-25 19:49:32'),(959,'16/12/2016',1,2,39,0,1,'A',0,0,'D',28,'2019-08-25 19:49:32','2019-08-25 19:49:32'),(960,'17/12/2016',1,2,23,3,1,'H',0,0,'D',33,'2019-08-25 19:49:32','2019-08-25 19:49:32'),(961,'17/12/2016',1,2,36,4,2,'H',1,2,'A',30,'2019-08-25 19:49:32','2019-08-25 19:49:32'),(962,'17/12/2016',1,2,37,1,1,'D',0,1,'A',41,'2019-08-25 19:49:32','2019-08-25 19:49:32'),(963,'17/12/2016',1,2,38,1,2,'A',0,1,'A',27,'2019-08-25 19:49:32','2019-08-25 19:49:32'),(964,'17/12/2016',1,2,35,2,0,'H',1,0,'H',26,'2019-08-25 19:49:32','2019-08-25 19:49:32'),(965,'18/12/2016',1,2,40,4,1,'H',1,0,'H',32,'2019-08-25 19:49:32','2019-08-25 19:49:32'),(966,'18/12/2016',1,2,25,2,1,'H',0,0,'D',24,'2019-08-25 19:49:32','2019-08-25 19:49:32'),(967,'18/12/2016',1,2,31,3,1,'H',2,1,'H',29,'2019-08-25 19:49:32','2019-08-25 19:49:32'),(968,'18/12/2016',1,2,21,1,2,'A',0,0,'D',34,'2019-08-25 19:49:32','2019-08-25 19:49:32'),(969,'06/01/2017',1,2,24,0,1,'A',0,0,'D',23,'2019-08-25 19:49:32','2019-08-25 19:49:32'),(970,'06/01/2017',1,2,29,2,0,'H',0,0,'D',25,'2019-08-25 19:49:32','2019-08-25 19:49:32'),(971,'06/01/2017',1,2,31,0,0,'D',0,0,'D',41,'2019-08-25 19:49:32','2019-08-25 19:49:32'),(972,'06/01/2017',1,2,33,1,0,'H',0,0,'D',39,'2019-08-25 19:49:32','2019-08-25 19:49:32'),(973,'07/01/2017',1,2,27,0,0,'D',0,0,'D',21,'2019-08-25 19:49:32','2019-08-25 19:49:32'),(974,'07/01/2017',1,2,22,1,0,'H',0,0,'D',37,'2019-08-25 19:49:32','2019-08-25 19:49:32'),(975,'08/01/2017',1,2,26,0,0,'D',0,0,'D',42,'2019-08-25 19:49:32','2019-08-25 19:49:32'),(976,'08/01/2017',1,2,28,2,3,'A',1,1,'D',40,'2019-08-25 19:49:32','2019-08-25 19:49:32'),(977,'08/01/2017',1,2,30,1,1,'D',0,1,'A',35,'2019-08-25 19:49:32','2019-08-25 19:49:32'),(978,'08/01/2017',1,2,32,5,3,'H',3,0,'H',38,'2019-08-25 19:49:32','2019-08-25 19:49:32'),(979,'08/01/2017',1,2,34,0,2,'A',0,0,'D',36,'2019-08-25 19:49:32','2019-08-25 19:49:32'),(980,'11/01/2017',1,2,42,0,2,'A',0,1,'A',22,'2019-08-25 19:49:32','2019-08-25 19:49:32'),(981,'13/01/2017',1,2,40,0,1,'A',0,1,'A',33,'2019-08-25 19:49:32','2019-08-25 19:49:32'),(982,'14/01/2017',1,2,25,0,3,'A',0,1,'A',31,'2019-08-25 19:49:32','2019-08-25 19:49:32'),(983,'14/01/2017',1,2,38,2,1,'H',0,0,'D',28,'2019-08-25 19:49:32','2019-08-25 19:49:32'),(984,'14/01/2017',1,2,35,1,0,'H',0,0,'D',34,'2019-08-25 19:49:32','2019-08-25 19:49:32'),(985,'14/01/2017',1,2,42,1,1,'D',0,1,'A',30,'2019-08-25 19:49:32','2019-08-25 19:49:32'),(986,'14/01/2017',1,2,21,1,1,'D',0,1,'A',32,'2019-08-25 19:49:32','2019-08-25 19:49:32'),(987,'15/01/2017',1,2,23,1,1,'D',0,1,'A',29,'2019-08-25 19:49:32','2019-08-25 19:49:32'),(988,'15/01/2017',1,2,36,2,0,'H',1,0,'H',27,'2019-08-25 19:49:32','2019-08-25 19:49:32'),(989,'15/01/2017',1,2,41,0,2,'A',0,1,'A',22,'2019-08-25 19:49:32','2019-08-25 19:49:32'),(990,'15/01/2017',1,2,37,1,0,'H',0,0,'D',26,'2019-08-25 19:49:32','2019-08-25 19:49:32'),(991,'15/01/2017',1,2,39,1,0,'H',1,0,'H',24,'2019-08-25 19:49:32','2019-08-25 19:49:32'),(992,'21/01/2017',1,2,41,0,1,'A',0,0,'D',26,'2019-08-25 19:49:32','2019-08-25 19:49:32'),(993,'21/01/2017',1,2,37,2,3,'A',1,0,'H',30,'2019-08-25 19:49:32','2019-08-25 19:49:32'),(994,'21/01/2017',1,2,38,1,0,'H',1,0,'H',33,'2019-08-25 19:49:32','2019-08-25 19:49:32'),(995,'21/01/2017',1,2,35,2,0,'H',0,0,'D',27,'2019-08-25 19:49:32','2019-08-25 19:49:32'),(996,'21/01/2017',1,2,42,1,0,'H',1,0,'H',34,'2019-08-25 19:49:32','2019-08-25 19:49:32'),(997,'21/01/2017',1,2,21,1,1,'D',0,1,'A',28,'2019-08-25 19:49:32','2019-08-25 19:49:32'),(998,'22/01/2017',1,2,40,1,0,'H',0,0,'D',24,'2019-08-25 19:49:32','2019-08-25 19:49:32'),(999,'22/01/2017',1,2,23,1,1,'D',1,0,'H',25,'2019-08-25 19:49:32','2019-08-25 19:49:32'),(1000,'22/01/2017',1,2,36,2,0,'H',0,0,'D',32,'2019-08-25 19:49:32','2019-08-25 19:49:32'),(1001,'22/01/2017',1,2,22,1,0,'H',1,0,'H',31,'2019-08-25 19:49:32','2019-08-25 19:49:32'),(1002,'22/01/2017',1,2,39,1,1,'D',0,1,'A',29,'2019-08-25 19:49:32','2019-08-25 19:49:32'),(1003,'27/01/2017',1,2,28,1,0,'H',0,0,'D',36,'2019-08-25 19:49:32','2019-08-25 19:49:32'),(1004,'28/01/2017',1,2,26,2,0,'H',2,0,'H',22,'2019-08-25 19:49:32','2019-08-25 19:49:32'),(1005,'28/01/2017',1,2,30,0,0,'D',0,0,'D',41,'2019-08-25 19:49:32','2019-08-25 19:49:32'),(1006,'28/01/2017',1,2,25,1,1,'D',1,0,'H',39,'2019-08-25 19:49:32','2019-08-25 19:49:32'),(1007,'28/01/2017',1,2,32,0,0,'D',0,0,'D',35,'2019-08-25 19:49:32','2019-08-25 19:49:32'),(1008,'28/01/2017',1,2,33,2,1,'H',0,1,'A',21,'2019-08-25 19:49:32','2019-08-25 19:49:32'),(1009,'29/01/2017',1,2,24,3,0,'H',0,0,'D',38,'2019-08-25 19:49:32','2019-08-25 19:49:32'),(1010,'29/01/2017',1,2,27,1,1,'D',1,0,'H',42,'2019-08-25 19:49:32','2019-08-25 19:49:32'),(1011,'29/01/2017',1,2,29,0,0,'D',0,0,'D',40,'2019-08-25 19:49:32','2019-08-25 19:49:32'),(1012,'29/01/2017',1,2,31,2,0,'H',1,0,'H',23,'2019-08-25 19:49:32','2019-08-25 19:49:32'),(1013,'29/01/2017',1,2,34,1,1,'D',0,0,'D',37,'2019-08-25 19:49:32','2019-08-25 19:49:32'),(1014,'03/02/2017',1,2,42,1,0,'H',0,0,'D',32,'2019-08-25 19:49:32','2019-08-25 19:49:32'),(1015,'04/02/2017',1,2,26,2,3,'A',1,1,'D',31,'2019-08-25 19:49:32','2019-08-25 19:49:32'),(1016,'04/02/2017',1,2,40,2,1,'H',1,1,'D',25,'2019-08-25 19:49:32','2019-08-25 19:49:32'),(1017,'04/02/2017',1,2,41,2,3,'A',0,0,'D',34,'2019-08-25 19:49:32','2019-08-25 19:49:32'),(1018,'04/02/2017',1,2,37,1,0,'H',1,0,'H',27,'2019-08-25 19:49:32','2019-08-25 19:49:32'),(1019,'04/02/2017',1,2,35,2,0,'H',1,0,'H',28,'2019-08-25 19:49:32','2019-08-25 19:49:32'),(1020,'05/02/2017',1,2,36,2,1,'H',1,0,'H',33,'2019-08-25 19:49:32','2019-08-25 19:49:32'),(1021,'05/02/2017',1,2,22,2,1,'H',0,0,'D',30,'2019-08-25 19:49:32','2019-08-25 19:49:32'),(1022,'05/02/2017',1,2,38,2,1,'H',1,1,'D',29,'2019-08-25 19:49:32','2019-08-25 19:49:32'),(1023,'05/02/2017',1,2,39,1,1,'D',0,1,'A',23,'2019-08-25 19:49:32','2019-08-25 19:49:32'),(1024,'05/02/2017',1,2,21,1,0,'H',1,0,'H',24,'2019-08-25 19:49:32','2019-08-25 19:49:32'),(1025,'10/02/2017',1,2,32,1,1,'D',0,0,'D',37,'2019-08-25 19:49:32','2019-08-25 19:49:32'),(1026,'11/02/2017',1,2,24,0,0,'D',0,0,'D',36,'2019-08-25 19:49:32','2019-08-25 19:49:32'),(1027,'11/02/2017',1,2,23,3,2,'H',2,1,'H',40,'2019-08-25 19:49:32','2019-08-25 19:49:32'),(1028,'11/02/2017',1,2,30,1,1,'D',1,1,'D',26,'2019-08-25 19:49:32','2019-08-25 19:49:32'),(1029,'11/02/2017',1,2,34,0,1,'A',0,1,'A',22,'2019-08-25 19:49:32','2019-08-25 19:49:32'),(1030,'12/02/2017',1,2,27,0,2,'A',0,0,'D',41,'2019-08-25 19:49:32','2019-08-25 19:49:32'),(1031,'12/02/2017',1,2,28,1,1,'D',1,0,'H',42,'2019-08-25 19:49:32','2019-08-25 19:49:32'),(1032,'12/02/2017',1,2,29,2,1,'H',2,0,'H',21,'2019-08-25 19:49:32','2019-08-25 19:49:32'),(1033,'12/02/2017',1,2,25,0,2,'A',0,1,'A',38,'2019-08-25 19:49:32','2019-08-25 19:49:32'),(1034,'12/02/2017',1,2,31,1,0,'H',1,0,'H',39,'2019-08-25 19:49:32','2019-08-25 19:49:32'),(1035,'12/02/2017',1,2,33,0,0,'D',0,0,'D',35,'2019-08-25 19:49:32','2019-08-25 19:49:32'),(1036,'17/02/2017',1,2,37,1,2,'A',1,2,'A',28,'2019-08-25 19:49:32','2019-08-25 19:49:32'),(1037,'18/02/2017',1,2,30,2,0,'H',0,0,'D',31,'2019-08-25 19:49:32','2019-08-25 19:49:32'),(1038,'18/02/2017',1,2,36,1,0,'H',0,0,'D',29,'2019-08-25 19:49:32','2019-08-25 19:49:32'),(1039,'18/02/2017',1,2,22,3,1,'H',1,1,'D',27,'2019-08-25 19:49:32','2019-08-25 19:49:32'),(1040,'18/02/2017',1,2,35,1,0,'H',1,0,'H',24,'2019-08-25 19:49:32','2019-08-25 19:49:32'),(1041,'18/02/2017',1,2,42,1,3,'A',0,2,'A',33,'2019-08-25 19:49:32','2019-08-25 19:49:32'),(1042,'19/02/2017',1,2,26,1,1,'D',0,0,'D',34,'2019-08-25 19:49:32','2019-08-25 19:49:32'),(1043,'19/02/2017',1,2,40,0,0,'D',0,0,'D',39,'2019-08-25 19:49:32','2019-08-25 19:49:32'),(1044,'19/02/2017',1,2,41,2,1,'H',2,0,'H',32,'2019-08-25 19:49:32','2019-08-25 19:49:32'),(1045,'19/02/2017',1,2,38,2,1,'H',1,0,'H',23,'2019-08-25 19:49:32','2019-08-25 19:49:32'),(1046,'19/02/2017',1,2,21,1,2,'A',0,0,'D',25,'2019-08-25 19:49:32','2019-08-25 19:49:32'),(1047,'24/02/2017',1,2,39,1,1,'D',1,0,'H',38,'2019-08-25 19:49:32','2019-08-25 19:49:32'),(1048,'25/02/2017',1,2,27,1,0,'H',0,0,'D',26,'2019-08-25 19:49:32','2019-08-25 19:49:32'),(1049,'25/02/2017',1,2,28,1,1,'D',0,1,'A',41,'2019-08-25 19:49:32','2019-08-25 19:49:32'),(1050,'25/02/2017',1,2,23,1,0,'H',0,0,'D',21,'2019-08-25 19:49:32','2019-08-25 19:49:32'),(1051,'25/02/2017',1,2,29,1,4,'A',1,0,'H',35,'2019-08-25 19:49:32','2019-08-25 19:49:32'),(1052,'25/02/2017',1,2,25,0,2,'A',0,0,'D',36,'2019-08-25 19:49:32','2019-08-25 19:49:32'),(1053,'26/02/2017',1,2,24,2,3,'A',1,1,'D',42,'2019-08-25 19:49:32','2019-08-25 19:49:32'),(1054,'26/02/2017',1,2,31,0,3,'A',0,0,'D',40,'2019-08-25 19:49:32','2019-08-25 19:49:32'),(1055,'26/02/2017',1,2,32,1,1,'D',0,1,'A',22,'2019-08-25 19:49:32','2019-08-25 19:49:32'),(1056,'26/02/2017',1,2,33,1,1,'D',1,1,'D',37,'2019-08-25 19:49:32','2019-08-25 19:49:32'),(1057,'26/02/2017',1,2,34,1,2,'A',1,1,'D',30,'2019-08-25 19:49:32','2019-08-25 19:49:32'),(1058,'03/03/2017',1,2,35,1,1,'D',1,1,'D',25,'2019-08-25 19:49:32','2019-08-25 19:49:32'),(1059,'04/03/2017',1,2,26,0,0,'D',0,0,'D',32,'2019-08-25 19:49:32','2019-08-25 19:49:32'),(1060,'04/03/2017',1,2,36,5,1,'H',3,0,'H',23,'2019-08-25 19:49:32','2019-08-25 19:49:32'),(1061,'04/03/2017',1,2,38,2,1,'H',1,1,'D',40,'2019-08-25 19:49:32','2019-08-25 19:49:32'),(1062,'04/03/2017',1,2,21,0,0,'D',0,0,'D',39,'2019-08-25 19:49:32','2019-08-25 19:49:32'),(1063,'05/03/2017',1,2,30,2,1,'H',1,1,'D',27,'2019-08-25 19:49:32','2019-08-25 19:49:32'),(1064,'05/03/2017',1,2,41,1,0,'H',0,0,'D',33,'2019-08-25 19:49:32','2019-08-25 19:49:32'),(1065,'05/03/2017',1,2,22,2,1,'H',0,1,'A',28,'2019-08-25 19:49:32','2019-08-25 19:49:32'),(1066,'05/03/2017',1,2,37,1,2,'A',0,1,'A',24,'2019-08-25 19:49:32','2019-08-25 19:49:32'),(1067,'05/03/2017',1,2,42,1,1,'D',0,1,'A',29,'2019-08-25 19:49:32','2019-08-25 19:49:32'),(1068,'05/03/2017',1,2,34,3,0,'H',2,0,'H',31,'2019-08-25 19:49:32','2019-08-25 19:49:32'),(1069,'10/03/2017',1,2,28,0,0,'D',0,0,'D',26,'2019-08-25 19:49:32','2019-08-25 19:49:32'),(1070,'11/03/2017',1,2,27,2,1,'H',0,1,'A',34,'2019-08-25 19:49:32','2019-08-25 19:49:32'),(1071,'11/03/2017',1,2,29,1,1,'D',0,1,'A',37,'2019-08-25 19:49:32','2019-08-25 19:49:32'),(1072,'11/03/2017',1,2,25,1,1,'D',0,0,'D',42,'2019-08-25 19:49:32','2019-08-25 19:49:32'),(1073,'11/03/2017',1,2,31,0,0,'D',0,0,'D',38,'2019-08-25 19:49:32','2019-08-25 19:49:32'),(1074,'11/03/2017',1,2,33,0,4,'A',0,2,'A',22,'2019-08-25 19:49:32','2019-08-25 19:49:32'),(1075,'12/03/2017',1,2,24,0,0,'D',0,0,'D',41,'2019-08-25 19:49:32','2019-08-25 19:49:32'),(1076,'12/03/2017',1,2,40,1,0,'H',1,0,'H',21,'2019-08-25 19:49:32','2019-08-25 19:49:32'),(1077,'12/03/2017',1,2,23,2,2,'D',1,0,'H',35,'2019-08-25 19:49:32','2019-08-25 19:49:32'),(1078,'12/03/2017',1,2,39,1,2,'A',0,0,'D',36,'2019-08-25 19:49:32','2019-08-25 19:49:32'),(1079,'12/03/2017',1,2,32,2,2,'D',0,1,'A',30,'2019-08-25 19:49:32','2019-08-25 19:49:32'),(1080,'17/03/2017',1,2,30,1,3,'A',0,3,'A',28,'2019-08-25 19:49:32','2019-08-25 19:49:32'),(1081,'18/03/2017',1,2,27,0,0,'D',0,0,'D',31,'2019-08-25 19:49:32','2019-08-25 19:49:32'),(1082,'18/03/2017',1,2,41,2,1,'H',0,0,'D',29,'2019-08-25 19:49:32','2019-08-25 19:49:32'),(1083,'18/03/2017',1,2,37,2,1,'H',0,0,'D',25,'2019-08-25 19:49:32','2019-08-25 19:49:32'),(1084,'18/03/2017',1,2,42,2,0,'H',2,0,'H',23,'2019-08-25 19:49:32','2019-08-25 19:49:32'),(1085,'18/03/2017',1,2,34,1,2,'A',0,1,'A',32,'2019-08-25 19:49:32','2019-08-25 19:49:32'),(1086,'19/03/2017',1,2,26,1,2,'A',1,2,'A',33,'2019-08-25 19:49:32','2019-08-25 19:49:32'),(1087,'19/03/2017',1,2,36,1,2,'A',0,2,'A',40,'2019-08-25 19:49:32','2019-08-25 19:49:32'),(1088,'19/03/2017',1,2,22,1,0,'H',1,0,'H',24,'2019-08-25 19:49:32','2019-08-25 19:49:32'),(1089,'19/03/2017',1,2,35,0,1,'A',0,1,'A',39,'2019-08-25 19:49:32','2019-08-25 19:49:32'),(1090,'19/03/2017',1,2,21,2,0,'H',1,0,'H',38,'2019-08-25 19:49:32','2019-08-25 19:49:32'),(1091,'25/03/2017',1,2,24,3,1,'H',1,0,'H',26,'2019-08-25 19:49:32','2019-08-25 19:49:32'),(1092,'25/03/2017',1,2,29,1,1,'D',0,1,'A',22,'2019-08-25 19:49:32','2019-08-25 19:49:32'),(1093,'25/03/2017',1,2,31,0,0,'D',0,0,'D',21,'2019-08-25 19:49:32','2019-08-25 19:49:32'),(1094,'25/03/2017',1,2,38,2,0,'H',0,0,'D',36,'2019-08-25 19:49:32','2019-08-25 19:49:32'),(1095,'25/03/2017',1,2,33,1,2,'A',0,1,'A',30,'2019-08-25 19:49:32','2019-08-25 19:49:32'),(1096,'26/03/2017',1,2,40,0,1,'A',0,0,'D',35,'2019-08-25 19:49:32','2019-08-25 19:49:32'),(1097,'26/03/2017',1,2,28,0,3,'A',0,3,'A',34,'2019-08-25 19:49:32','2019-08-25 19:49:32'),(1098,'26/03/2017',1,2,23,2,0,'H',1,0,'H',37,'2019-08-25 19:49:32','2019-08-25 19:49:32'),(1099,'26/03/2017',1,2,25,1,3,'A',1,2,'A',41,'2019-08-25 19:49:32','2019-08-25 19:49:32'),(1100,'26/03/2017',1,2,39,0,0,'D',0,0,'D',42,'2019-08-25 19:49:32','2019-08-25 19:49:32'),(1101,'26/03/2017',1,2,32,1,0,'H',1,0,'H',27,'2019-08-25 19:49:32','2019-08-25 19:49:32'),(1102,'31/03/2017',1,2,26,1,0,'H',0,0,'D',29,'2019-08-25 19:49:32','2019-08-25 19:49:32'),(1103,'01/04/2017',1,2,36,1,3,'A',1,2,'A',21,'2019-08-25 19:49:32','2019-08-25 19:49:32'),(1104,'01/04/2017',1,2,41,0,0,'D',0,0,'D',23,'2019-08-25 19:49:32','2019-08-25 19:49:32'),(1105,'01/04/2017',1,2,22,2,1,'H',1,0,'H',25,'2019-08-25 19:49:32','2019-08-25 19:49:32'),(1106,'01/04/2017',1,2,42,1,1,'D',1,1,'D',40,'2019-08-25 19:49:32','2019-08-25 19:49:32'),(1107,'02/04/2017',1,2,27,1,0,'H',0,0,'D',28,'2019-08-25 19:49:32','2019-08-25 19:49:32'),(1108,'02/04/2017',1,2,30,0,1,'A',0,0,'D',24,'2019-08-25 19:49:32','2019-08-25 19:49:32'),(1109,'02/04/2017',1,2,37,1,0,'H',0,0,'D',39,'2019-08-25 19:49:32','2019-08-25 19:49:32'),(1110,'02/04/2017',1,2,35,1,0,'H',1,0,'H',38,'2019-08-25 19:49:32','2019-08-25 19:49:32'),(1111,'02/04/2017',1,2,34,1,1,'D',1,1,'D',33,'2019-08-25 19:49:32','2019-08-25 19:49:32'),(1112,'03/04/2017',1,2,32,1,1,'D',1,1,'D',31,'2019-08-25 19:49:32','2019-08-25 19:49:32'),(1113,'07/04/2017',1,2,25,2,0,'H',0,0,'D',26,'2019-08-25 19:49:32','2019-08-25 19:49:32'),(1114,'08/04/2017',1,2,40,1,1,'D',1,1,'D',37,'2019-08-25 19:49:32','2019-08-25 19:49:32'),(1115,'08/04/2017',1,2,23,2,0,'H',2,0,'H',22,'2019-08-25 19:49:32','2019-08-25 19:49:32'),(1116,'08/04/2017',1,2,29,0,0,'D',0,0,'D',30,'2019-08-25 19:49:32','2019-08-25 19:49:32'),(1117,'08/04/2017',1,2,21,1,1,'D',1,1,'D',35,'2019-08-25 19:49:32','2019-08-25 19:49:32'),(1118,'09/04/2017',1,2,24,2,2,'D',2,2,'D',34,'2019-08-25 19:49:32','2019-08-25 19:49:32'),(1119,'09/04/2017',1,2,28,3,2,'H',1,1,'D',32,'2019-08-25 19:49:32','2019-08-25 19:49:32'),(1120,'09/04/2017',1,2,31,0,2,'A',0,0,'D',36,'2019-08-25 19:49:32','2019-08-25 19:49:32'),(1121,'09/04/2017',1,2,38,2,0,'H',1,0,'H',42,'2019-08-25 19:49:32','2019-08-25 19:49:32'),(1122,'09/04/2017',1,2,39,0,1,'A',0,0,'D',41,'2019-08-25 19:49:32','2019-08-25 19:49:32'),(1123,'09/04/2017',1,2,33,2,1,'H',1,0,'H',27,'2019-08-25 19:49:32','2019-08-25 19:49:32'),(1124,'15/04/2017',1,2,28,1,3,'A',0,1,'A',31,'2019-08-25 19:49:32','2019-08-25 19:49:32'),(1125,'15/04/2017',1,2,30,4,1,'H',1,1,'D',25,'2019-08-25 19:49:32','2019-08-25 19:49:32'),(1126,'15/04/2017',1,2,41,1,1,'D',0,0,'D',40,'2019-08-25 19:49:32','2019-08-25 19:49:32'),(1127,'15/04/2017',1,2,35,3,3,'D',1,2,'A',36,'2019-08-25 19:49:32','2019-08-25 19:49:32'),(1128,'16/04/2017',1,2,26,0,3,'A',0,2,'A',23,'2019-08-25 19:49:32','2019-08-25 19:49:32'),(1129,'16/04/2017',1,2,27,1,0,'H',1,0,'H',24,'2019-08-25 19:49:32','2019-08-25 19:49:32'),(1130,'16/04/2017',1,2,37,2,1,'H',1,1,'D',38,'2019-08-25 19:49:32','2019-08-25 19:49:32'),(1131,'16/04/2017',1,2,32,6,2,'H',4,0,'H',33,'2019-08-25 19:49:32','2019-08-25 19:49:32'),(1132,'16/04/2017',1,2,42,0,1,'A',0,1,'A',21,'2019-08-25 19:49:32','2019-08-25 19:49:32'),(1133,'16/04/2017',1,2,34,1,0,'H',1,0,'H',29,'2019-08-25 19:49:32','2019-08-25 19:49:32'),(1134,'17/04/2017',1,2,22,0,0,'D',0,0,'D',39,'2019-08-25 19:49:32','2019-08-25 19:49:32'),(1135,'21/04/2017',1,2,38,1,1,'D',1,0,'H',41,'2019-08-25 19:49:32','2019-08-25 19:49:32'),(1136,'22/04/2017',1,2,40,1,1,'D',0,1,'A',22,'2019-08-25 19:49:32','2019-08-25 19:49:32'),(1137,'22/04/2017',1,2,23,1,1,'D',1,0,'H',30,'2019-08-25 19:49:32','2019-08-25 19:49:32'),(1138,'22/04/2017',1,2,36,1,2,'A',1,1,'D',42,'2019-08-25 19:49:32','2019-08-25 19:49:32'),(1139,'22/04/2017',1,2,33,2,1,'H',1,1,'D',28,'2019-08-25 19:49:32','2019-08-25 19:49:32'),(1140,'22/04/2017',1,2,21,2,0,'H',0,0,'D',37,'2019-08-25 19:49:32','2019-08-25 19:49:32'),(1141,'23/04/2017',1,2,24,2,1,'H',1,0,'H',32,'2019-08-25 19:49:32','2019-08-25 19:49:32'),(1142,'23/04/2017',1,2,29,1,1,'D',1,1,'D',27,'2019-08-25 19:49:32','2019-08-25 19:49:32'),(1143,'23/04/2017',1,2,25,0,1,'A',0,1,'A',34,'2019-08-25 19:49:32','2019-08-25 19:49:32'),(1144,'23/04/2017',1,2,31,1,1,'D',0,0,'D',35,'2019-08-25 19:49:32','2019-08-25 19:49:32'),(1145,'23/04/2017',1,2,39,0,0,'D',0,0,'D',26,'2019-08-25 19:49:32','2019-08-25 19:49:32'),(1146,'28/04/2017',1,2,28,2,3,'A',0,1,'A',24,'2019-08-25 19:49:32','2019-08-25 19:49:32'),(1147,'29/04/2017',1,2,22,1,0,'H',0,0,'D',38,'2019-08-25 19:49:32','2019-08-25 19:49:32'),(1148,'29/04/2017',1,2,42,1,0,'H',1,0,'H',35,'2019-08-25 19:49:32','2019-08-25 19:49:32'),(1149,'29/04/2017',1,2,33,1,1,'D',0,0,'D',31,'2019-08-25 19:49:32','2019-08-25 19:49:32'),(1150,'29/04/2017',1,2,34,1,2,'A',1,0,'H',23,'2019-08-25 19:49:32','2019-08-25 19:49:32'),(1151,'30/04/2017',1,2,26,0,2,'A',0,1,'A',40,'2019-08-25 19:49:32','2019-08-25 19:49:32'),(1152,'30/04/2017',1,2,27,1,1,'D',0,0,'D',25,'2019-08-25 19:49:32','2019-08-25 19:49:32'),(1153,'30/04/2017',1,2,37,1,2,'A',0,2,'A',36,'2019-08-25 19:49:32','2019-08-25 19:49:32'),(1154,'30/04/2017',1,2,32,2,3,'A',0,1,'A',29,'2019-08-25 19:49:32','2019-08-25 19:49:32'),(1155,'01/05/2017',1,2,30,0,1,'A',0,0,'D',39,'2019-08-25 19:49:32','2019-08-25 19:49:32'),(1156,'01/05/2017',1,2,41,2,0,'H',0,0,'D',21,'2019-08-25 19:49:32','2019-08-25 19:49:32'),(1157,'05/05/2017',1,2,38,0,1,'A',0,0,'D',26,'2019-08-25 19:49:32','2019-08-25 19:49:32'),(1158,'06/05/2017',1,2,36,3,1,'H',2,1,'H',41,'2019-08-25 19:49:32','2019-08-25 19:49:32'),(1159,'06/05/2017',1,2,29,1,0,'H',0,0,'D',28,'2019-08-25 19:49:32','2019-08-25 19:49:32'),(1160,'06/05/2017',1,2,31,1,0,'H',1,0,'H',42,'2019-08-25 19:49:32','2019-08-25 19:49:32'),(1161,'06/05/2017',1,2,21,2,1,'H',1,1,'D',22,'2019-08-25 19:49:32','2019-08-25 19:49:32'),(1162,'07/05/2017',1,2,24,0,3,'A',0,1,'A',33,'2019-08-25 19:49:32','2019-08-25 19:49:32'),(1163,'07/05/2017',1,2,40,0,0,'D',0,0,'D',30,'2019-08-25 19:49:32','2019-08-25 19:49:32'),(1164,'07/05/2017',1,2,23,2,0,'H',1,0,'H',27,'2019-08-25 19:49:32','2019-08-25 19:49:32'),(1165,'07/05/2017',1,2,25,0,1,'A',0,0,'D',32,'2019-08-25 19:49:32','2019-08-25 19:49:32'),(1166,'07/05/2017',1,2,39,1,0,'H',1,0,'H',34,'2019-08-25 19:49:32','2019-08-25 19:49:32'),(1167,'07/05/2017',1,2,35,2,1,'H',1,0,'H',37,'2019-08-25 19:49:32','2019-08-25 19:49:32'),(1168,'12/05/2017',1,2,32,2,1,'H',1,0,'H',23,'2019-08-25 19:49:32','2019-08-25 19:49:32'),(1169,'12/05/2017',1,2,34,1,1,'D',1,0,'H',40,'2019-08-25 19:49:32','2019-08-25 19:49:32'),(1170,'13/05/2017',1,2,26,2,0,'H',0,0,'D',21,'2019-08-25 19:49:32','2019-08-25 19:49:32'),(1171,'13/05/2017',1,2,24,2,0,'H',2,0,'H',31,'2019-08-25 19:49:32','2019-08-25 19:49:32'),(1172,'13/05/2017',1,2,27,1,0,'H',0,0,'D',39,'2019-08-25 19:49:32','2019-08-25 19:49:32'),(1173,'13/05/2017',1,2,28,0,1,'A',0,0,'D',25,'2019-08-25 19:49:32','2019-08-25 19:49:32'),(1174,'13/05/2017',1,2,30,2,2,'D',0,2,'A',38,'2019-08-25 19:49:32','2019-08-25 19:49:32'),(1175,'13/05/2017',1,2,41,2,2,'D',0,2,'A',35,'2019-08-25 19:49:32','2019-08-25 19:49:32'),(1176,'13/05/2017',1,2,22,2,1,'H',1,0,'H',36,'2019-08-25 19:49:32','2019-08-25 19:49:32'),(1177,'13/05/2017',1,2,33,2,1,'H',1,0,'H',29,'2019-08-25 19:49:32','2019-08-25 19:49:32'),(1178,'14/05/2017',1,2,37,0,0,'D',0,0,'D',42,'2019-08-25 19:49:32','2019-08-25 19:49:32'),(1179,'19/05/2017',1,2,23,2,0,'H',1,0,'H',28,'2019-08-25 19:49:32','2019-08-25 19:49:32'),(1180,'19/05/2017',1,2,21,2,0,'H',0,0,'D',30,'2019-08-25 19:49:32','2019-08-25 19:49:32'),(1181,'20/05/2017',1,2,40,1,1,'D',0,0,'D',27,'2019-08-25 19:49:32','2019-08-25 19:49:32'),(1182,'20/05/2017',1,2,36,0,0,'D',0,0,'D',26,'2019-08-25 19:49:32','2019-08-25 19:49:32'),(1183,'20/05/2017',1,2,29,1,0,'H',1,0,'H',24,'2019-08-25 19:49:32','2019-08-25 19:49:32'),(1184,'20/05/2017',1,2,38,0,0,'D',0,0,'D',34,'2019-08-25 19:49:32','2019-08-25 19:49:32'),(1185,'20/05/2017',1,2,39,2,1,'H',1,0,'H',32,'2019-08-25 19:49:32','2019-08-25 19:49:32'),(1186,'20/05/2017',1,2,35,0,0,'D',0,0,'D',22,'2019-08-25 19:49:32','2019-08-25 19:49:32'),(1187,'20/05/2017',1,2,42,3,1,'H',2,0,'H',41,'2019-08-25 19:49:32','2019-08-25 19:49:32'),(1188,'21/05/2017',1,2,25,2,2,'D',0,2,'A',33,'2019-08-25 19:49:32','2019-08-25 19:49:32'),(1189,'21/05/2017',1,2,31,0,1,'A',0,0,'D',37,'2019-08-25 19:49:32','2019-08-25 19:49:32'),(1190,'26/05/2017',1,2,22,3,1,'H',1,1,'D',42,'2019-08-25 19:49:32','2019-08-25 19:49:32'),(1191,'27/05/2017',1,2,24,2,0,'H',1,0,'H',25,'2019-08-25 19:49:32','2019-08-25 19:49:32'),(1192,'27/05/2017',1,2,41,1,0,'H',1,0,'H',37,'2019-08-25 19:49:32','2019-08-25 19:49:32'),(1193,'27/05/2017',1,2,32,3,3,'D',2,0,'H',40,'2019-08-25 19:49:32','2019-08-25 19:49:32'),(1194,'27/05/2017',1,2,33,1,0,'H',0,0,'D',23,'2019-08-25 19:49:32','2019-08-25 19:49:32'),(1195,'28/05/2017',1,2,26,1,3,'A',0,2,'A',35,'2019-08-25 19:49:32','2019-08-25 19:49:32'),(1196,'28/05/2017',1,2,27,4,2,'H',3,0,'H',38,'2019-08-25 19:49:32','2019-08-25 19:49:32'),(1197,'28/05/2017',1,2,28,1,1,'D',0,0,'D',39,'2019-08-25 19:49:32','2019-08-25 19:49:32'),(1198,'28/05/2017',1,2,30,3,1,'H',0,1,'A',36,'2019-08-25 19:49:32','2019-08-25 19:49:32'),(1199,'28/05/2017',1,2,29,0,0,'D',0,0,'D',31,'2019-08-25 19:49:32','2019-08-25 19:49:32'),(1200,'28/05/2017',1,2,34,1,1,'D',1,0,'H',21,'2019-08-25 19:49:32','2019-08-25 19:49:32'),(1201,'02/06/2017',1,2,37,1,0,'H',0,0,'D',22,'2019-08-25 19:49:32','2019-08-25 19:49:32'),(1202,'04/06/2017',1,2,40,2,1,'H',0,0,'D',28,'2019-08-25 19:49:32','2019-08-25 19:49:32'),(1203,'04/06/2017',1,2,23,4,0,'H',2,0,'H',24,'2019-08-25 19:49:32','2019-08-25 19:49:32'),(1204,'04/06/2017',1,2,36,0,0,'D',0,0,'D',34,'2019-08-25 19:49:32','2019-08-25 19:49:32'),(1205,'04/06/2017',1,2,41,0,0,'D',0,0,'D',31,'2019-08-25 19:49:32','2019-08-25 19:49:32'),(1206,'04/06/2017',1,2,25,2,2,'D',2,1,'H',29,'2019-08-25 19:49:32','2019-08-25 19:49:32'),(1207,'04/06/2017',1,2,38,1,0,'H',1,0,'H',32,'2019-08-25 19:49:32','2019-08-25 19:49:32'),(1208,'04/06/2017',1,2,39,2,0,'H',2,0,'H',33,'2019-08-25 19:49:32','2019-08-25 19:49:32'),(1209,'04/06/2017',1,2,35,0,1,'A',0,0,'D',30,'2019-08-25 19:49:32','2019-08-25 19:49:32'),(1210,'04/06/2017',1,2,42,0,1,'A',0,1,'A',26,'2019-08-25 19:49:32','2019-08-25 19:49:32'),(1211,'04/06/2017',1,2,21,1,2,'A',1,1,'D',27,'2019-08-25 19:49:32','2019-08-25 19:49:32'),(1212,'09/06/2017',1,2,32,1,2,'A',0,1,'A',21,'2019-08-25 19:49:32','2019-08-25 19:49:32'),(1213,'10/06/2017',1,2,26,3,0,'H',1,0,'H',37,'2019-08-25 19:49:32','2019-08-25 19:49:32'),(1214,'10/06/2017',1,2,24,1,0,'H',1,0,'H',39,'2019-08-25 19:49:32','2019-08-25 19:49:32'),(1215,'10/06/2017',1,2,27,2,1,'H',0,0,'D',36,'2019-08-25 19:49:32','2019-08-25 19:49:32'),(1216,'10/06/2017',1,2,28,0,2,'A',0,0,'D',38,'2019-08-25 19:49:32','2019-08-25 19:49:32'),(1217,'10/06/2017',1,2,30,1,0,'H',0,0,'D',42,'2019-08-25 19:49:32','2019-08-25 19:49:32'),(1218,'10/06/2017',1,2,22,1,2,'A',0,0,'D',41,'2019-08-25 19:49:32','2019-08-25 19:49:32'),(1219,'10/06/2017',1,2,29,3,3,'D',1,1,'D',23,'2019-08-25 19:49:32','2019-08-25 19:49:32'),(1220,'10/06/2017',1,2,33,1,0,'H',0,0,'D',40,'2019-08-25 19:49:32','2019-08-25 19:49:32'),(1221,'10/06/2017',1,2,34,1,2,'A',0,1,'A',35,'2019-08-25 19:49:32','2019-08-25 19:49:32'),(1222,'11/06/2017',1,2,31,0,2,'A',0,0,'D',25,'2019-08-25 19:49:32','2019-08-25 19:49:32'),(1223,'22/08/2015',2,2,26,2,0,'H',1,0,'H',29,'2019-08-25 19:49:32','2019-08-25 19:49:32'),(1224,'22/08/2015',2,2,27,1,0,'H',0,0,'D',33,'2019-08-25 19:49:32','2019-08-25 19:49:32'),(1225,'22/08/2015',2,2,41,2,3,'A',0,1,'A',17,'2019-08-25 19:49:32','2019-08-25 19:49:32'),(1226,'22/08/2015',2,2,43,0,2,'A',0,0,'D',15,'2019-08-25 19:49:32','2019-08-25 19:49:32'),(1227,'23/08/2015',2,2,24,3,2,'H',3,0,'H',14,'2019-08-25 19:49:32','2019-08-25 19:49:32'),(1228,'23/08/2015',2,2,30,2,2,'D',0,0,'D',46,'2019-08-25 19:49:32','2019-08-25 19:49:32'),(1229,'23/08/2015',2,2,25,1,1,'D',0,0,'D',34,'2019-08-25 19:49:32','2019-08-25 19:49:32'),(1230,'23/08/2015',2,2,31,6,3,'H',1,2,'A',35,'2019-08-25 19:49:32','2019-08-25 19:49:32'),(1231,'23/08/2015',2,2,38,2,2,'D',1,1,'D',37,'2019-08-25 19:49:32','2019-08-25 19:49:32'),(1232,'23/08/2015',2,2,44,2,0,'H',0,0,'D',28,'2019-08-25 19:49:32','2019-08-25 19:49:32'),(1233,'24/08/2015',2,2,45,0,1,'A',0,0,'D',36,'2019-08-25 19:49:32','2019-08-25 19:49:32'),(1234,'29/08/2015',2,2,46,1,1,'D',1,1,'D',41,'2019-08-25 19:49:32','2019-08-25 19:49:32'),(1235,'29/08/2015',2,2,36,2,3,'A',1,1,'D',31,'2019-08-25 19:49:32','2019-08-25 19:49:32'),(1236,'29/08/2015',2,2,14,3,1,'H',2,0,'H',27,'2019-08-25 19:49:32','2019-08-25 19:49:32'),(1237,'29/08/2015',2,2,37,1,0,'H',0,0,'D',43,'2019-08-25 19:49:32','2019-08-25 19:49:32'),(1238,'29/08/2015',2,2,34,3,2,'H',1,1,'D',24,'2019-08-25 19:49:32','2019-08-25 19:49:32'),(1239,'30/08/2015',2,2,17,2,0,'H',2,0,'H',38,'2019-08-25 19:49:32','2019-08-25 19:49:32'),(1240,'30/08/2015',2,2,28,2,1,'H',0,0,'D',45,'2019-08-25 19:49:32','2019-08-25 19:49:32'),(1241,'30/08/2015',2,2,29,1,0,'H',1,0,'H',44,'2019-08-25 19:49:32','2019-08-25 19:49:32'),(1242,'30/08/2015',2,2,15,1,0,'H',0,0,'D',25,'2019-08-25 19:49:32','2019-08-25 19:49:32'),(1243,'30/08/2015',2,2,35,1,2,'A',0,0,'D',30,'2019-08-25 19:49:32','2019-08-25 19:49:32'),(1244,'30/08/2015',2,2,33,2,0,'H',0,0,'D',26,'2019-08-25 19:49:32','2019-08-25 19:49:32'),(1245,'05/09/2015',2,2,30,1,0,'H',0,0,'D',36,'2019-08-25 19:49:32','2019-08-25 19:49:32'),(1246,'05/09/2015',2,2,41,1,1,'D',1,1,'D',35,'2019-08-25 19:49:32','2019-08-25 19:49:32'),(1247,'05/09/2015',2,2,25,1,1,'D',0,1,'A',37,'2019-08-25 19:49:32','2019-08-25 19:49:32'),(1248,'05/09/2015',2,2,31,0,0,'D',0,0,'D',28,'2019-08-25 19:49:32','2019-08-25 19:49:32'),(1249,'06/09/2015',2,2,24,2,1,'H',0,1,'A',15,'2019-08-25 19:49:32','2019-08-25 19:49:32'),(1250,'06/09/2015',2,2,45,3,1,'H',1,1,'D',29,'2019-08-25 19:49:32','2019-08-25 19:49:32'),(1251,'06/09/2015',2,2,27,1,3,'A',1,1,'D',26,'2019-08-25 19:49:32','2019-08-25 19:49:32'),(1252,'06/09/2015',2,2,14,1,1,'D',1,0,'H',34,'2019-08-25 19:49:32','2019-08-25 19:49:32'),(1253,'06/09/2015',2,2,43,3,0,'H',1,0,'H',17,'2019-08-25 19:49:32','2019-08-25 19:49:32'),(1254,'06/09/2015',2,2,38,3,1,'H',2,1,'H',46,'2019-08-25 19:49:32','2019-08-25 19:49:32'),(1255,'06/09/2015',2,2,44,3,0,'H',1,0,'H',33,'2019-08-25 19:49:32','2019-08-25 19:49:32'),(1256,'12/09/2015',2,2,17,2,3,'A',0,2,'A',25,'2019-08-25 19:49:32','2019-08-25 19:49:32'),(1257,'12/09/2015',2,2,28,1,0,'H',1,0,'H',30,'2019-08-25 19:49:32','2019-08-25 19:49:32'),(1258,'12/09/2015',2,2,15,2,1,'H',1,0,'H',14,'2019-08-25 19:49:32','2019-08-25 19:49:32'),(1259,'12/09/2015',2,2,33,1,0,'H',1,0,'H',45,'2019-08-25 19:49:32','2019-08-25 19:49:32'),(1260,'12/09/2015',2,2,34,0,1,'A',0,1,'A',27,'2019-08-25 19:49:32','2019-08-25 19:49:32'),(1261,'13/09/2015',2,2,46,1,0,'H',1,0,'H',43,'2019-08-25 19:49:32','2019-08-25 19:49:32'),(1262,'13/09/2015',2,2,26,1,0,'H',0,0,'D',44,'2019-08-25 19:49:32','2019-08-25 19:49:32'),(1263,'13/09/2015',2,2,36,0,0,'D',0,0,'D',41,'2019-08-25 19:49:32','2019-08-25 19:49:32'),(1264,'13/09/2015',2,2,37,1,0,'H',0,0,'D',24,'2019-08-25 19:49:32','2019-08-25 19:49:32'),(1265,'13/09/2015',2,2,29,0,0,'D',0,0,'D',31,'2019-08-25 19:49:32','2019-08-25 19:49:32'),(1266,'13/09/2015',2,2,35,0,2,'A',0,1,'A',38,'2019-08-25 19:49:32','2019-08-25 19:49:32'),(1267,'19/09/2015',2,2,45,1,0,'H',0,0,'D',26,'2019-08-25 19:49:32','2019-08-25 19:49:32'),(1268,'19/09/2015',2,2,14,0,0,'D',0,0,'D',37,'2019-08-25 19:49:32','2019-08-25 19:49:32'),(1269,'19/09/2015',2,2,43,0,2,'A',0,0,'D',35,'2019-08-25 19:49:32','2019-08-25 19:49:32'),(1270,'19/09/2015',2,2,25,1,1,'D',1,0,'H',46,'2019-08-25 19:49:32','2019-08-25 19:49:32'),(1271,'19/09/2015',2,2,38,1,2,'A',1,1,'D',36,'2019-08-25 19:49:32','2019-08-25 19:49:32'),(1272,'20/09/2015',2,2,24,0,2,'A',0,1,'A',17,'2019-08-25 19:49:32','2019-08-25 19:49:32'),(1273,'20/09/2015',2,2,27,1,0,'H',1,0,'H',44,'2019-08-25 19:49:32','2019-08-25 19:49:32'),(1274,'20/09/2015',2,2,30,1,0,'H',1,0,'H',29,'2019-08-25 19:49:32','2019-08-25 19:49:32'),(1275,'20/09/2015',2,2,41,1,3,'A',0,1,'A',28,'2019-08-25 19:49:32','2019-08-25 19:49:32'),(1276,'20/09/2015',2,2,31,2,2,'D',0,1,'A',33,'2019-08-25 19:49:32','2019-08-25 19:49:32'),(1277,'20/09/2015',2,2,34,0,1,'A',0,1,'A',15,'2019-08-25 19:49:32','2019-08-25 19:49:32'),(1278,'26/09/2015',2,2,26,1,1,'D',1,1,'D',31,'2019-08-25 19:49:32','2019-08-25 19:49:32'),(1279,'26/09/2015',2,2,37,0,0,'D',0,0,'D',34,'2019-08-25 19:49:32','2019-08-25 19:49:32'),(1280,'26/09/2015',2,2,29,0,1,'A',0,0,'D',41,'2019-08-25 19:49:32','2019-08-25 19:49:32'),(1281,'26/09/2015',2,2,15,0,0,'D',0,0,'D',27,'2019-08-25 19:49:32','2019-08-25 19:49:32'),(1282,'26/09/2015',2,2,44,1,0,'H',0,0,'D',45,'2019-08-25 19:49:32','2019-08-25 19:49:32'),(1283,'27/09/2015',2,2,17,0,0,'D',0,0,'D',14,'2019-08-25 19:49:32','2019-08-25 19:49:32'),(1284,'27/09/2015',2,2,46,3,0,'H',2,0,'H',24,'2019-08-25 19:49:32','2019-08-25 19:49:32'),(1285,'27/09/2015',2,2,28,1,1,'D',1,0,'H',38,'2019-08-25 19:49:32','2019-08-25 19:49:32'),(1286,'27/09/2015',2,2,36,2,2,'D',1,0,'H',43,'2019-08-25 19:49:32','2019-08-25 19:49:32'),(1287,'27/09/2015',2,2,35,3,0,'H',1,0,'H',25,'2019-08-25 19:49:32','2019-08-25 19:49:32'),(1288,'27/09/2015',2,2,33,0,0,'D',0,0,'D',30,'2019-08-25 19:49:32','2019-08-25 19:49:32'),(1289,'03/10/2015',2,2,24,2,2,'D',0,1,'A',35,'2019-08-25 19:49:32','2019-08-25 19:49:32'),(1290,'03/10/2015',2,2,27,1,0,'H',1,0,'H',45,'2019-08-25 19:49:32','2019-08-25 19:49:32'),(1291,'03/10/2015',2,2,30,0,2,'A',0,0,'D',26,'2019-08-25 19:49:32','2019-08-25 19:49:32'),(1292,'03/10/2015',2,2,31,1,0,'H',1,0,'H',44,'2019-08-25 19:49:32','2019-08-25 19:49:32'),(1293,'03/10/2015',2,2,34,1,0,'H',1,0,'H',17,'2019-08-25 19:49:32','2019-08-25 19:49:32'),(1294,'04/10/2015',2,2,41,1,1,'D',0,1,'A',33,'2019-08-25 19:49:32','2019-08-25 19:49:32'),(1295,'04/10/2015',2,2,14,3,2,'H',0,1,'A',46,'2019-08-25 19:49:32','2019-08-25 19:49:32'),(1296,'04/10/2015',2,2,43,4,1,'H',2,0,'H',28,'2019-08-25 19:49:32','2019-08-25 19:49:32'),(1297,'04/10/2015',2,2,25,1,0,'H',0,0,'D',36,'2019-08-25 19:49:32','2019-08-25 19:49:32'),(1298,'04/10/2015',2,2,15,4,0,'H',3,0,'H',37,'2019-08-25 19:49:32','2019-08-25 19:49:32'),(1299,'04/10/2015',2,2,38,1,1,'D',1,1,'D',29,'2019-08-25 19:49:32','2019-08-25 19:49:32'),(1300,'10/10/2015',2,2,17,3,0,'H',1,0,'H',15,'2019-08-25 19:49:32','2019-08-25 19:49:32'),(1301,'10/10/2015',2,2,45,0,0,'D',0,0,'D',31,'2019-08-25 19:49:32','2019-08-25 19:49:32'),(1302,'10/10/2015',2,2,28,1,4,'A',0,0,'D',25,'2019-08-25 19:49:32','2019-08-25 19:49:32'),(1303,'10/10/2015',2,2,44,2,2,'D',0,0,'D',30,'2019-08-25 19:49:32','2019-08-25 19:49:32'),(1304,'10/10/2015',2,2,35,0,0,'D',0,0,'D',14,'2019-08-25 19:49:32','2019-08-25 19:49:32'),(1305,'11/10/2015',2,2,46,1,3,'A',0,3,'A',34,'2019-08-25 19:49:32','2019-08-25 19:49:32'),(1306,'11/10/2015',2,2,26,0,1,'A',0,0,'D',41,'2019-08-25 19:49:32','2019-08-25 19:49:32'),(1307,'11/10/2015',2,2,36,1,1,'D',1,1,'D',24,'2019-08-25 19:49:32','2019-08-25 19:49:32'),(1308,'11/10/2015',2,2,37,1,2,'A',1,1,'D',27,'2019-08-25 19:49:32','2019-08-25 19:49:32'),(1309,'11/10/2015',2,2,29,1,0,'H',0,0,'D',43,'2019-08-25 19:49:32','2019-08-25 19:49:32'),(1310,'11/10/2015',2,2,33,2,3,'A',1,2,'A',38,'2019-08-25 19:49:32','2019-08-25 19:49:32'),(1311,'17/10/2015',2,2,30,2,1,'H',1,0,'H',45,'2019-08-25 19:49:32','2019-08-25 19:49:32'),(1312,'17/10/2015',2,2,14,2,2,'D',1,0,'H',36,'2019-08-25 19:49:32','2019-08-25 19:49:32'),(1313,'17/10/2015',2,2,25,2,2,'D',2,0,'H',29,'2019-08-25 19:49:32','2019-08-25 19:49:32'),(1314,'17/10/2015',2,2,15,1,0,'H',1,0,'H',46,'2019-08-25 19:49:32','2019-08-25 19:49:32'),(1315,'17/10/2015',2,2,38,3,2,'H',1,0,'H',26,'2019-08-25 19:49:32','2019-08-25 19:49:32'),(1316,'18/10/2015',2,2,24,2,3,'A',1,1,'D',28,'2019-08-25 19:49:32','2019-08-25 19:49:32'),(1317,'18/10/2015',2,2,27,3,2,'H',2,1,'H',31,'2019-08-25 19:49:32','2019-08-25 19:49:32'),(1318,'18/10/2015',2,2,41,1,1,'D',1,0,'H',44,'2019-08-25 19:49:32','2019-08-25 19:49:32'),(1319,'18/10/2015',2,2,43,3,1,'H',1,0,'H',33,'2019-08-25 19:49:32','2019-08-25 19:49:32'),(1320,'18/10/2015',2,2,37,1,0,'H',1,0,'H',17,'2019-08-25 19:49:32','2019-08-25 19:49:32'),(1321,'18/10/2015',2,2,34,2,0,'H',1,0,'H',35,'2019-08-25 19:49:32','2019-08-25 19:49:32'),(1322,'24/10/2015',2,2,17,3,2,'H',1,2,'A',27,'2019-08-25 19:49:32','2019-08-25 19:49:32'),(1323,'24/10/2015',2,2,26,6,1,'H',5,0,'H',43,'2019-08-25 19:49:32','2019-08-25 19:49:32'),(1324,'24/10/2015',2,2,45,0,0,'D',0,0,'D',41,'2019-08-25 19:49:32','2019-08-25 19:49:32'),(1325,'24/10/2015',2,2,28,0,0,'D',0,0,'D',14,'2019-08-25 19:49:32','2019-08-25 19:49:32'),(1326,'24/10/2015',2,2,36,0,0,'D',0,0,'D',34,'2019-08-25 19:49:32','2019-08-25 19:49:32'),(1327,'25/10/2015',2,2,46,2,0,'H',1,0,'H',37,'2019-08-25 19:49:32','2019-08-25 19:49:32'),(1328,'25/10/2015',2,2,29,1,0,'H',0,0,'D',24,'2019-08-25 19:49:32','2019-08-25 19:49:32'),(1329,'25/10/2015',2,2,31,1,1,'D',0,0,'D',30,'2019-08-25 19:49:32','2019-08-25 19:49:32'),(1330,'25/10/2015',2,2,44,4,2,'H',2,1,'H',38,'2019-08-25 19:49:32','2019-08-25 19:49:32'),(1331,'25/10/2015',2,2,35,2,2,'D',1,1,'D',15,'2019-08-25 19:49:32','2019-08-25 19:49:32'),(1332,'25/10/2015',2,2,33,2,1,'H',2,0,'H',25,'2019-08-25 19:49:32','2019-08-25 19:49:32'),(1333,'31/10/2015',2,2,27,2,0,'H',2,0,'H',30,'2019-08-25 19:49:32','2019-08-25 19:49:32'),(1334,'31/10/2015',2,2,41,2,0,'H',1,0,'H',31,'2019-08-25 19:49:32','2019-08-25 19:49:32'),(1335,'31/10/2015',2,2,43,0,1,'A',0,0,'D',44,'2019-08-25 19:49:32','2019-08-25 19:49:32'),(1336,'31/10/2015',2,2,37,2,0,'H',2,0,'H',35,'2019-08-25 19:49:32','2019-08-25 19:49:32'),(1337,'31/10/2015',2,2,25,3,0,'H',2,0,'H',26,'2019-08-25 19:49:32','2019-08-25 19:49:32'),(1338,'01/11/2015',2,2,17,1,1,'D',1,1,'D',46,'2019-08-25 19:49:32','2019-08-25 19:49:32'),(1339,'01/11/2015',2,2,24,1,1,'D',0,0,'D',33,'2019-08-25 19:49:32','2019-08-25 19:49:32'),(1340,'01/11/2015',2,2,14,0,0,'D',0,0,'D',29,'2019-08-25 19:49:32','2019-08-25 19:49:32'),(1341,'01/11/2015',2,2,15,0,1,'A',0,1,'A',36,'2019-08-25 19:49:32','2019-08-25 19:49:32'),(1342,'01/11/2015',2,2,38,0,0,'D',0,0,'D',45,'2019-08-25 19:49:32','2019-08-25 19:49:32'),(1343,'01/11/2015',2,2,34,2,0,'H',0,0,'D',28,'2019-08-25 19:49:32','2019-08-25 19:49:32'),(1344,'07/11/2015',2,2,29,0,0,'D',0,0,'D',34,'2019-08-25 19:49:32','2019-08-25 19:49:32'),(1345,'07/11/2015',2,2,44,2,2,'D',1,1,'D',25,'2019-08-25 19:49:32','2019-08-25 19:49:32'),(1346,'07/11/2015',2,2,35,2,0,'H',0,0,'D',17,'2019-08-25 19:49:32','2019-08-25 19:49:32'),(1347,'07/11/2015',2,2,33,1,1,'D',1,0,'H',14,'2019-08-25 19:49:32','2019-08-25 19:49:32'),(1348,'08/11/2015',2,2,46,2,0,'H',0,0,'D',27,'2019-08-25 19:49:32','2019-08-25 19:49:32'),(1349,'08/11/2015',2,2,26,0,0,'D',0,0,'D',24,'2019-08-25 19:49:32','2019-08-25 19:49:32'),(1350,'08/11/2015',2,2,28,2,1,'H',1,1,'D',15,'2019-08-25 19:49:32','2019-08-25 19:49:32'),(1351,'08/11/2015',2,2,30,2,0,'H',2,0,'H',41,'2019-08-25 19:49:32','2019-08-25 19:49:32'),(1352,'08/11/2015',2,2,36,0,1,'A',0,0,'D',37,'2019-08-25 19:49:32','2019-08-25 19:49:32'),(1353,'08/11/2015',2,2,31,1,0,'H',0,0,'D',38,'2019-08-25 19:49:32','2019-08-25 19:49:32'),(1354,'09/11/2015',2,2,45,2,0,'H',1,0,'H',43,'2019-08-25 19:49:32','2019-08-25 19:49:32'),(1355,'14/11/2015',2,2,17,1,0,'H',1,0,'H',36,'2019-08-25 19:49:32','2019-08-25 19:49:32'),(1356,'14/11/2015',2,2,46,1,2,'A',1,1,'D',35,'2019-08-25 19:49:32','2019-08-25 19:49:32'),(1357,'14/11/2015',2,2,14,3,0,'H',2,0,'H',26,'2019-08-25 19:49:32','2019-08-25 19:49:32'),(1358,'14/11/2015',2,2,37,1,1,'D',1,0,'H',28,'2019-08-25 19:49:32','2019-08-25 19:49:32'),(1359,'14/11/2015',2,2,25,3,0,'H',2,0,'H',45,'2019-08-25 19:49:32','2019-08-25 19:49:32'),(1360,'15/11/2015',2,2,24,1,1,'D',1,1,'D',44,'2019-08-25 19:49:32','2019-08-25 19:49:32'),(1361,'15/11/2015',2,2,27,1,1,'D',0,0,'D',41,'2019-08-25 19:49:32','2019-08-25 19:49:32'),(1362,'15/11/2015',2,2,43,2,1,'H',2,0,'H',31,'2019-08-25 19:49:32','2019-08-25 19:49:32'),(1363,'15/11/2015',2,2,15,2,1,'H',2,1,'H',29,'2019-08-25 19:49:32','2019-08-25 19:49:32'),(1364,'15/11/2015',2,2,38,2,0,'H',2,0,'H',30,'2019-08-25 19:49:32','2019-08-25 19:49:32'),(1365,'15/11/2015',2,2,34,0,2,'A',0,1,'A',33,'2019-08-25 19:49:32','2019-08-25 19:49:32'),(1366,'21/11/2015',2,2,45,0,0,'D',0,0,'D',24,'2019-08-25 19:49:32','2019-08-25 19:49:32'),(1367,'21/11/2015',2,2,28,0,1,'A',0,0,'D',17,'2019-08-25 19:49:32','2019-08-25 19:49:32'),(1368,'21/11/2015',2,2,41,0,1,'A',0,0,'D',38,'2019-08-25 19:49:32','2019-08-25 19:49:32'),(1369,'21/11/2015',2,2,29,1,1,'D',0,0,'D',37,'2019-08-25 19:49:32','2019-08-25 19:49:32'),(1370,'21/11/2015',2,2,31,2,2,'D',0,1,'A',25,'2019-08-25 19:49:32','2019-08-25 19:49:32'),(1371,'22/11/2015',2,2,26,1,0,'H',1,0,'H',34,'2019-08-25 19:49:32','2019-08-25 19:49:32'),(1372,'22/11/2015',2,2,30,2,0,'H',1,0,'H',43,'2019-08-25 19:49:32','2019-08-25 19:49:32'),(1373,'22/11/2015',2,2,36,3,0,'H',2,0,'H',46,'2019-08-25 19:49:32','2019-08-25 19:49:32'),(1374,'22/11/2015',2,2,44,1,0,'H',0,0,'D',14,'2019-08-25 19:49:32','2019-08-25 19:49:32'),(1375,'22/11/2015',2,2,35,1,1,'D',0,0,'D',27,'2019-08-25 19:49:32','2019-08-25 19:49:32'),(1376,'22/11/2015',2,2,33,0,1,'A',0,0,'D',15,'2019-08-25 19:49:32','2019-08-25 19:49:32'),(1377,'28/11/2015',2,2,17,1,0,'H',1,0,'H',29,'2019-08-25 19:49:32','2019-08-25 19:49:32'),(1378,'28/11/2015',2,2,24,1,1,'D',1,0,'H',31,'2019-08-25 19:49:32','2019-08-25 19:49:32'),(1379,'28/11/2015',2,2,14,1,0,'H',1,0,'H',45,'2019-08-25 19:49:32','2019-08-25 19:49:32'),(1380,'28/11/2015',2,2,43,2,0,'H',1,0,'H',41,'2019-08-25 19:49:32','2019-08-25 19:49:32'),(1381,'28/11/2015',2,2,15,1,2,'A',0,1,'A',26,'2019-08-25 19:49:32','2019-08-25 19:49:32'),(1382,'29/11/2015',2,2,46,1,0,'H',0,0,'D',28,'2019-08-25 19:49:32','2019-08-25 19:49:32'),(1383,'29/11/2015',2,2,27,2,1,'H',2,1,'H',38,'2019-08-25 19:49:32','2019-08-25 19:49:32'),(1384,'29/11/2015',2,2,37,1,1,'D',0,0,'D',33,'2019-08-25 19:49:32','2019-08-25 19:49:32'),(1385,'29/11/2015',2,2,25,0,1,'A',0,0,'D',30,'2019-08-25 19:49:32','2019-08-25 19:49:32'),(1386,'29/11/2015',2,2,35,1,1,'D',1,1,'D',36,'2019-08-25 19:49:32','2019-08-25 19:49:32'),(1387,'29/11/2015',2,2,34,2,0,'H',2,0,'H',44,'2019-08-25 19:49:32','2019-08-25 19:49:32'),(1388,'05/12/2015',2,2,26,1,1,'D',0,1,'A',37,'2019-08-25 19:49:32','2019-08-25 19:49:32'),(1389,'05/12/2015',2,2,28,0,0,'D',0,0,'D',35,'2019-08-25 19:49:32','2019-08-25 19:49:32'),(1390,'05/12/2015',2,2,30,2,2,'D',2,1,'H',24,'2019-08-25 19:49:32','2019-08-25 19:49:32'),(1391,'05/12/2015',2,2,33,1,2,'A',0,1,'A',17,'2019-08-25 19:49:32','2019-08-25 19:49:32'),(1392,'06/12/2015',2,2,36,1,2,'A',0,0,'D',27,'2019-08-25 19:49:32','2019-08-25 19:49:32'),(1393,'06/12/2015',2,2,41,1,2,'A',0,1,'A',25,'2019-08-25 19:49:32','2019-08-25 19:49:32'),(1394,'06/12/2015',2,2,29,2,0,'H',0,0,'D',46,'2019-08-25 19:49:32','2019-08-25 19:49:32'),(1395,'06/12/2015',2,2,31,1,2,'A',0,1,'A',14,'2019-08-25 19:49:32','2019-08-25 19:49:32'),(1396,'06/12/2015',2,2,38,2,1,'H',2,1,'H',43,'2019-08-25 19:49:32','2019-08-25 19:49:32'),(1397,'06/12/2015',2,2,44,3,0,'H',2,0,'H',15,'2019-08-25 19:49:32','2019-08-25 19:49:32'),(1398,'07/12/2015',2,2,45,0,1,'A',0,1,'A',34,'2019-08-25 19:49:32','2019-08-25 19:49:32'),(1399,'12/12/2015',2,2,17,1,1,'D',0,0,'D',26,'2019-08-25 19:49:32','2019-08-25 19:49:32'),(1400,'12/12/2015',2,2,27,2,0,'H',1,0,'H',43,'2019-08-25 19:49:32','2019-08-25 19:49:32'),(1401,'12/12/2015',2,2,36,0,1,'A',0,1,'A',28,'2019-08-25 19:49:32','2019-08-25 19:49:32'),(1402,'12/12/2015',2,2,37,3,1,'H',1,1,'D',44,'2019-08-25 19:49:32','2019-08-25 19:49:32'),(1403,'12/12/2015',2,2,35,2,1,'H',0,1,'A',29,'2019-08-25 19:49:32','2019-08-25 19:49:32'),(1404,'13/12/2015',2,2,46,0,1,'A',0,1,'A',33,'2019-08-25 19:49:32','2019-08-25 19:49:32'),(1405,'13/12/2015',2,2,24,1,2,'A',0,2,'A',41,'2019-08-25 19:49:32','2019-08-25 19:49:32'),(1406,'13/12/2015',2,2,14,1,0,'H',1,0,'H',30,'2019-08-25 19:49:32','2019-08-25 19:49:32'),(1407,'13/12/2015',2,2,25,1,2,'A',1,0,'H',38,'2019-08-25 19:49:32','2019-08-25 19:49:32'),(1408,'13/12/2015',2,2,15,1,1,'D',0,1,'A',45,'2019-08-25 19:49:32','2019-08-25 19:49:32'),(1409,'13/12/2015',2,2,34,2,2,'D',1,0,'H',31,'2019-08-25 19:49:32','2019-08-25 19:49:32'),(1410,'18/12/2015',2,2,28,2,1,'H',2,1,'H',27,'2019-08-25 19:49:32','2019-08-25 19:49:32'),(1411,'19/12/2015',2,2,30,3,1,'H',1,0,'H',34,'2019-08-25 19:49:32','2019-08-25 19:49:32'),(1412,'19/12/2015',2,2,29,1,1,'D',1,0,'H',36,'2019-08-25 19:49:32','2019-08-25 19:49:32'),(1413,'19/12/2015',2,2,31,1,3,'A',0,0,'D',15,'2019-08-25 19:49:32','2019-08-25 19:49:32'),(1414,'19/12/2015',2,2,44,0,1,'A',0,0,'D',17,'2019-08-25 19:49:32','2019-08-25 19:49:32'),(1415,'20/12/2015',2,2,26,1,0,'H',1,0,'H',46,'2019-08-25 19:49:32','2019-08-25 19:49:32'),(1416,'20/12/2015',2,2,41,1,1,'D',0,0,'D',14,'2019-08-25 19:49:32','2019-08-25 19:49:32'),(1417,'20/12/2015',2,2,43,0,0,'D',0,0,'D',25,'2019-08-25 19:49:32','2019-08-25 19:49:32'),(1418,'20/12/2015',2,2,38,1,0,'H',1,0,'H',24,'2019-08-25 19:49:32','2019-08-25 19:49:32'),(1419,'20/12/2015',2,2,33,4,1,'H',2,1,'H',35,'2019-08-25 19:49:32','2019-08-25 19:49:32'),(1420,'21/12/2015',2,2,45,1,1,'D',1,1,'D',37,'2019-08-25 19:49:32','2019-08-25 19:49:32'),(1421,'02/01/2016',2,2,17,3,0,'H',2,0,'H',45,'2019-08-25 19:49:32','2019-08-25 19:49:32'),(1422,'02/01/2016',2,2,28,1,1,'D',1,0,'H',29,'2019-08-25 19:49:32','2019-08-25 19:49:32'),(1423,'02/01/2016',2,2,15,1,1,'D',0,0,'D',30,'2019-08-25 19:49:32','2019-08-25 19:49:32'),(1424,'03/01/2016',2,2,46,2,2,'D',1,0,'H',44,'2019-08-25 19:49:32','2019-08-25 19:49:32'),(1425,'03/01/2016',2,2,24,2,1,'H',0,0,'D',43,'2019-08-25 19:49:32','2019-08-25 19:49:32'),(1426,'03/01/2016',2,2,27,1,2,'A',0,1,'A',25,'2019-08-25 19:49:32','2019-08-25 19:49:32'),(1427,'03/01/2016',2,2,14,1,1,'D',1,0,'H',38,'2019-08-25 19:49:32','2019-08-25 19:49:32'),(1428,'03/01/2016',2,2,37,2,3,'A',1,1,'D',31,'2019-08-25 19:49:32','2019-08-25 19:49:32'),(1429,'03/01/2016',2,2,34,3,3,'D',1,0,'H',41,'2019-08-25 19:49:32','2019-08-25 19:49:32'),(1430,'04/01/2016',2,2,36,1,0,'H',0,0,'D',33,'2019-08-25 19:49:32','2019-08-25 19:49:32'),(1431,'04/01/2016',2,2,35,1,2,'A',0,2,'A',26,'2019-08-25 19:49:32','2019-08-25 19:49:32'),(1432,'09/01/2016',2,2,26,1,0,'H',1,0,'H',36,'2019-08-25 19:49:32','2019-08-25 19:49:32'),(1433,'09/01/2016',2,2,45,0,1,'A',0,0,'D',46,'2019-08-25 19:49:32','2019-08-25 19:49:32'),(1434,'09/01/2016',2,2,30,1,2,'A',0,0,'D',37,'2019-08-25 19:49:32','2019-08-25 19:49:32'),(1435,'09/01/2016',2,2,31,0,1,'A',0,0,'D',17,'2019-08-25 19:49:32','2019-08-25 19:49:32'),(1436,'09/01/2016',2,2,33,1,1,'D',0,0,'D',28,'2019-08-25 19:49:32','2019-08-25 19:49:32'),(1437,'10/01/2016',2,2,27,3,1,'H',2,0,'H',29,'2019-08-25 19:49:32','2019-08-25 19:49:32'),(1438,'10/01/2016',2,2,41,0,1,'A',0,1,'A',15,'2019-08-25 19:49:32','2019-08-25 19:49:32'),(1439,'10/01/2016',2,2,43,0,1,'A',0,1,'A',14,'2019-08-25 19:49:32','2019-08-25 19:49:32'),(1440,'10/01/2016',2,2,25,1,1,'D',0,0,'D',24,'2019-08-25 19:49:32','2019-08-25 19:49:32'),(1441,'10/01/2016',2,2,38,1,0,'H',1,0,'H',34,'2019-08-25 19:49:32','2019-08-25 19:49:32'),(1442,'10/01/2016',2,2,44,0,1,'A',0,0,'D',35,'2019-08-25 19:49:32','2019-08-25 19:49:32'),(1443,'16/01/2016',2,2,46,0,2,'A',0,1,'A',31,'2019-08-25 19:49:32','2019-08-25 19:49:32'),(1444,'16/01/2016',2,2,28,2,0,'H',1,0,'H',26,'2019-08-25 19:49:32','2019-08-25 19:49:32'),(1445,'16/01/2016',2,2,15,0,0,'D',0,0,'D',38,'2019-08-25 19:49:32','2019-08-25 19:49:32'),(1446,'16/01/2016',2,2,35,2,0,'H',2,0,'H',45,'2019-08-25 19:49:32','2019-08-25 19:49:32'),(1447,'16/01/2016',2,2,34,1,0,'H',1,0,'H',43,'2019-08-25 19:49:32','2019-08-25 19:49:32'),(1448,'17/01/2016',2,2,17,1,3,'A',0,1,'A',30,'2019-08-25 19:49:32','2019-08-25 19:49:32'),(1449,'17/01/2016',2,2,24,0,1,'A',0,0,'D',27,'2019-08-25 19:49:32','2019-08-25 19:49:32'),(1450,'17/01/2016',2,2,36,4,0,'H',1,0,'H',44,'2019-08-25 19:49:32','2019-08-25 19:49:32'),(1451,'17/01/2016',2,2,14,4,0,'H',3,0,'H',25,'2019-08-25 19:49:32','2019-08-25 19:49:32'),(1452,'17/01/2016',2,2,37,1,1,'D',1,0,'H',41,'2019-08-25 19:49:32','2019-08-25 19:49:32'),(1453,'17/01/2016',2,2,29,0,1,'A',0,0,'D',33,'2019-08-25 19:49:32','2019-08-25 19:49:32'),(1454,'23/01/2016',2,2,17,1,0,'H',1,0,'H',41,'2019-08-25 19:49:32','2019-08-25 19:49:32'),(1455,'23/01/2016',2,2,36,2,1,'H',1,1,'D',45,'2019-08-25 19:49:32','2019-08-25 19:49:32'),(1456,'23/01/2016',2,2,14,2,1,'H',2,0,'H',24,'2019-08-25 19:49:32','2019-08-25 19:49:32'),(1457,'23/01/2016',2,2,37,2,2,'D',2,2,'D',38,'2019-08-25 19:49:32','2019-08-25 19:49:32'),(1458,'23/01/2016',2,2,29,1,0,'H',0,0,'D',26,'2019-08-25 19:49:32','2019-08-25 19:49:32'),(1459,'24/01/2016',2,2,46,1,1,'D',0,0,'D',30,'2019-08-25 19:49:32','2019-08-25 19:49:32'),(1460,'24/01/2016',2,2,28,1,0,'H',0,0,'D',44,'2019-08-25 19:49:32','2019-08-25 19:49:32'),(1461,'24/01/2016',2,2,15,3,0,'H',1,0,'H',43,'2019-08-25 19:49:32','2019-08-25 19:49:32'),(1462,'24/01/2016',2,2,35,0,0,'D',0,0,'D',31,'2019-08-25 19:49:32','2019-08-25 19:49:32'),(1463,'24/01/2016',2,2,33,2,0,'H',2,0,'H',27,'2019-08-25 19:49:32','2019-08-25 19:49:32'),(1464,'24/01/2016',2,2,34,1,2,'A',1,1,'D',25,'2019-08-25 19:49:32','2019-08-25 19:49:32'),(1465,'30/01/2016',2,2,26,0,0,'D',0,0,'D',33,'2019-08-25 19:49:32','2019-08-25 19:49:32'),(1466,'30/01/2016',2,2,27,2,3,'A',1,0,'H',14,'2019-08-25 19:49:32','2019-08-25 19:49:32'),(1467,'30/01/2016',2,2,41,3,1,'H',1,0,'H',46,'2019-08-25 19:49:32','2019-08-25 19:49:32'),(1468,'30/01/2016',2,2,43,0,0,'D',0,0,'D',37,'2019-08-25 19:49:32','2019-08-25 19:49:32'),(1469,'30/01/2016',2,2,38,1,1,'D',1,0,'H',17,'2019-08-25 19:49:32','2019-08-25 19:49:32'),(1470,'31/01/2016',2,2,24,2,1,'H',0,0,'D',34,'2019-08-25 19:49:32','2019-08-25 19:49:32'),(1471,'31/01/2016',2,2,45,0,1,'A',0,0,'D',28,'2019-08-25 19:49:32','2019-08-25 19:49:32'),(1472,'31/01/2016',2,2,30,2,1,'H',2,0,'H',35,'2019-08-25 19:49:32','2019-08-25 19:49:32'),(1473,'31/01/2016',2,2,25,4,0,'H',0,0,'D',15,'2019-08-25 19:49:32','2019-08-25 19:49:32'),(1474,'31/01/2016',2,2,31,1,1,'D',1,0,'H',36,'2019-08-25 19:49:32','2019-08-25 19:49:32'),(1475,'31/01/2016',2,2,44,0,2,'A',0,0,'D',29,'2019-08-25 19:49:32','2019-08-25 19:49:32'),(1476,'06/02/2016',2,2,46,2,2,'D',2,0,'H',38,'2019-08-25 19:49:32','2019-08-25 19:49:32'),(1477,'06/02/2016',2,2,28,0,0,'D',0,0,'D',31,'2019-08-25 19:49:32','2019-08-25 19:49:32'),(1478,'06/02/2016',2,2,35,1,1,'D',1,0,'H',41,'2019-08-25 19:49:32','2019-08-25 19:49:32'),(1479,'06/02/2016',2,2,33,0,0,'D',0,0,'D',44,'2019-08-25 19:49:32','2019-08-25 19:49:32'),(1480,'06/02/2016',2,2,34,1,0,'H',0,0,'D',14,'2019-08-25 19:49:32','2019-08-25 19:49:32'),(1481,'07/02/2016',2,2,17,1,0,'H',0,0,'D',43,'2019-08-25 19:49:32','2019-08-25 19:49:32'),(1482,'07/02/2016',2,2,26,3,3,'D',2,2,'D',27,'2019-08-25 19:49:32','2019-08-25 19:49:32'),(1483,'07/02/2016',2,2,36,1,1,'D',0,1,'A',30,'2019-08-25 19:49:32','2019-08-25 19:49:32'),(1484,'07/02/2016',2,2,37,1,4,'A',0,1,'A',25,'2019-08-25 19:49:32','2019-08-25 19:49:32'),(1485,'07/02/2016',2,2,29,2,3,'A',1,1,'D',45,'2019-08-25 19:49:32','2019-08-25 19:49:32'),(1486,'07/02/2016',2,2,15,0,0,'D',0,0,'D',24,'2019-08-25 19:49:32','2019-08-25 19:49:32'),(1487,'13/02/2016',2,2,24,0,2,'A',0,0,'D',37,'2019-08-25 19:49:32','2019-08-25 19:49:32'),(1488,'13/02/2016',2,2,45,0,1,'A',0,1,'A',33,'2019-08-25 19:49:32','2019-08-25 19:49:32'),(1489,'13/02/2016',2,2,30,1,0,'H',1,0,'H',28,'2019-08-25 19:49:32','2019-08-25 19:49:32'),(1490,'13/02/2016',2,2,25,0,0,'D',0,0,'D',17,'2019-08-25 19:49:32','2019-08-25 19:49:32'),(1491,'13/02/2016',2,2,44,0,0,'D',0,0,'D',26,'2019-08-25 19:49:32','2019-08-25 19:49:32'),(1492,'14/02/2016',2,2,27,0,2,'A',0,1,'A',34,'2019-08-25 19:49:32','2019-08-25 19:49:32'),(1493,'14/02/2016',2,2,41,0,1,'A',0,1,'A',36,'2019-08-25 19:49:32','2019-08-25 19:49:32'),(1494,'14/02/2016',2,2,14,2,0,'H',1,0,'H',15,'2019-08-25 19:49:32','2019-08-25 19:49:32'),(1495,'14/02/2016',2,2,43,2,0,'H',0,0,'D',46,'2019-08-25 19:49:32','2019-08-25 19:49:32'),(1496,'14/02/2016',2,2,31,2,0,'H',1,0,'H',29,'2019-08-25 19:49:32','2019-08-25 19:49:32'),(1497,'14/02/2016',2,2,38,1,0,'H',1,0,'H',35,'2019-08-25 19:49:32','2019-08-25 19:49:32'),(1498,'20/02/2016',2,2,46,1,1,'D',1,0,'H',25,'2019-08-25 19:49:32','2019-08-25 19:49:32'),(1499,'20/02/2016',2,2,26,1,0,'H',0,0,'D',45,'2019-08-25 19:49:32','2019-08-25 19:49:32'),(1500,'20/02/2016',2,2,37,1,2,'A',1,1,'D',14,'2019-08-25 19:49:32','2019-08-25 19:49:32'),(1501,'20/02/2016',2,2,29,2,2,'D',0,2,'A',30,'2019-08-25 19:49:32','2019-08-25 19:49:32'),(1502,'20/02/2016',2,2,44,1,3,'A',0,2,'A',27,'2019-08-25 19:49:32','2019-08-25 19:49:32'),(1503,'21/02/2016',2,2,17,1,1,'D',0,1,'A',24,'2019-08-25 19:49:32','2019-08-25 19:49:32'),(1504,'21/02/2016',2,2,28,1,1,'D',0,1,'A',41,'2019-08-25 19:49:32','2019-08-25 19:49:32'),(1505,'21/02/2016',2,2,36,1,1,'D',0,0,'D',38,'2019-08-25 19:49:32','2019-08-25 19:49:32'),(1506,'21/02/2016',2,2,15,1,1,'D',0,1,'A',34,'2019-08-25 19:49:32','2019-08-25 19:49:32'),(1507,'21/02/2016',2,2,35,3,1,'H',2,1,'H',43,'2019-08-25 19:49:32','2019-08-25 19:49:32'),(1508,'21/02/2016',2,2,33,2,2,'D',1,1,'D',31,'2019-08-25 19:49:32','2019-08-25 19:49:32'),(1509,'27/02/2016',2,2,45,4,2,'H',2,1,'H',44,'2019-08-25 19:49:32','2019-08-25 19:49:32'),(1510,'27/02/2016',2,2,27,0,1,'A',0,0,'D',15,'2019-08-25 19:49:32','2019-08-25 19:49:32'),(1511,'27/02/2016',2,2,43,0,1,'A',0,0,'D',36,'2019-08-25 19:49:32','2019-08-25 19:49:32'),(1512,'27/02/2016',2,2,31,1,1,'D',1,0,'H',26,'2019-08-25 19:49:32','2019-08-25 19:49:32'),(1513,'28/02/2016',2,2,24,1,0,'H',0,0,'D',46,'2019-08-25 19:49:32','2019-08-25 19:49:32'),(1514,'28/02/2016',2,2,30,1,1,'D',1,1,'D',33,'2019-08-25 19:49:32','2019-08-25 19:49:32'),(1515,'28/02/2016',2,2,14,2,0,'H',1,0,'H',17,'2019-08-25 19:49:32','2019-08-25 19:49:32'),(1516,'28/02/2016',2,2,25,1,2,'A',0,1,'A',35,'2019-08-25 19:49:32','2019-08-25 19:49:32'),(1517,'28/02/2016',2,2,38,3,0,'H',0,0,'D',28,'2019-08-25 19:49:32','2019-08-25 19:49:32'),(1518,'28/02/2016',2,2,34,3,1,'H',0,0,'D',37,'2019-08-25 19:49:32','2019-08-25 19:49:32'),(1519,'05/03/2016',2,2,45,1,2,'A',0,1,'A',27,'2019-08-25 19:49:32','2019-08-25 19:49:32'),(1520,'05/03/2016',2,2,28,1,1,'D',0,0,'D',43,'2019-08-25 19:49:32','2019-08-25 19:49:32'),(1521,'05/03/2016',2,2,36,2,0,'H',0,0,'D',25,'2019-08-25 19:49:32','2019-08-25 19:49:32'),(1522,'05/03/2016',2,2,37,2,0,'H',0,0,'D',15,'2019-08-25 19:49:32','2019-08-25 19:49:32'),(1523,'05/03/2016',2,2,29,1,0,'H',0,0,'D',38,'2019-08-25 19:49:32','2019-08-25 19:49:32'),(1524,'06/03/2016',2,2,17,0,0,'D',0,0,'D',34,'2019-08-25 19:49:32','2019-08-25 19:49:32'),(1525,'06/03/2016',2,2,46,0,3,'A',0,2,'A',14,'2019-08-25 19:49:32','2019-08-25 19:49:32'),(1526,'06/03/2016',2,2,26,1,1,'D',0,0,'D',30,'2019-08-25 19:49:32','2019-08-25 19:49:32'),(1527,'06/03/2016',2,2,44,1,0,'H',0,0,'D',31,'2019-08-25 19:49:32','2019-08-25 19:49:32'),(1528,'06/03/2016',2,2,35,0,0,'D',0,0,'D',24,'2019-08-25 19:49:32','2019-08-25 19:49:32'),(1529,'06/03/2016',2,2,33,0,1,'A',0,1,'A',41,'2019-08-25 19:49:32','2019-08-25 19:49:32'),(1530,'12/03/2016',2,2,24,1,0,'H',1,0,'H',36,'2019-08-25 19:49:32','2019-08-25 19:49:32'),(1531,'12/03/2016',2,2,25,1,2,'A',1,0,'H',28,'2019-08-25 19:49:32','2019-08-25 19:49:32'),(1532,'12/03/2016',2,2,31,3,2,'H',1,1,'D',45,'2019-08-25 19:49:32','2019-08-25 19:49:32'),(1533,'12/03/2016',2,2,38,2,4,'A',1,3,'A',33,'2019-08-25 19:49:32','2019-08-25 19:49:32'),(1534,'12/03/2016',2,2,34,1,0,'H',0,0,'D',46,'2019-08-25 19:49:32','2019-08-25 19:49:32'),(1535,'13/03/2016',2,2,27,1,2,'A',0,2,'A',37,'2019-08-25 19:49:32','2019-08-25 19:49:32'),(1536,'13/03/2016',2,2,30,1,1,'D',0,1,'A',44,'2019-08-25 19:49:32','2019-08-25 19:49:32'),(1537,'13/03/2016',2,2,41,1,0,'H',1,0,'H',26,'2019-08-25 19:49:32','2019-08-25 19:49:32'),(1538,'13/03/2016',2,2,14,0,1,'A',0,0,'D',35,'2019-08-25 19:49:32','2019-08-25 19:49:32'),(1539,'13/03/2016',2,2,43,3,0,'H',1,0,'H',29,'2019-08-25 19:49:32','2019-08-25 19:49:32'),(1540,'13/03/2016',2,2,15,3,1,'H',3,1,'H',17,'2019-08-25 19:49:32','2019-08-25 19:49:32'),(1541,'16/03/2016',2,2,41,1,2,'A',0,2,'A',29,'2019-08-25 19:49:32','2019-08-25 19:49:32'),(1542,'19/03/2016',2,2,17,0,0,'D',0,0,'D',37,'2019-08-25 19:49:32','2019-08-25 19:49:32'),(1543,'19/03/2016',2,2,46,3,1,'H',2,1,'H',15,'2019-08-25 19:49:32','2019-08-25 19:49:32'),(1544,'19/03/2016',2,2,26,1,0,'H',0,0,'D',38,'2019-08-25 19:49:32','2019-08-25 19:49:32'),(1545,'19/03/2016',2,2,28,0,0,'D',0,0,'D',24,'2019-08-25 19:49:32','2019-08-25 19:49:32'),(1546,'19/03/2016',2,2,33,3,0,'H',1,0,'H',43,'2019-08-25 19:49:32','2019-08-25 19:49:32'),(1547,'20/03/2016',2,2,45,0,4,'A',0,1,'A',30,'2019-08-25 19:49:32','2019-08-25 19:49:32'),(1548,'20/03/2016',2,2,36,1,1,'D',0,0,'D',14,'2019-08-25 19:49:32','2019-08-25 19:49:32'),(1549,'20/03/2016',2,2,29,1,1,'D',1,1,'D',25,'2019-08-25 19:49:32','2019-08-25 19:49:32'),(1550,'20/03/2016',2,2,31,1,1,'D',1,1,'D',27,'2019-08-25 19:49:32','2019-08-25 19:49:32'),(1551,'20/03/2016',2,2,44,2,1,'H',1,0,'H',41,'2019-08-25 19:49:32','2019-08-25 19:49:32'),(1552,'20/03/2016',2,2,35,0,0,'D',0,0,'D',34,'2019-08-25 19:49:32','2019-08-25 19:49:32'),(1553,'26/03/2016',2,2,30,1,0,'H',0,0,'D',31,'2019-08-25 19:49:32','2019-08-25 19:49:32'),(1554,'26/03/2016',2,2,41,1,2,'A',0,0,'D',45,'2019-08-25 19:49:32','2019-08-25 19:49:32'),(1555,'26/03/2016',2,2,14,0,0,'D',0,0,'D',28,'2019-08-25 19:49:32','2019-08-25 19:49:32'),(1556,'26/03/2016',2,2,15,0,0,'D',0,0,'D',35,'2019-08-25 19:49:32','2019-08-25 19:49:32'),(1557,'26/03/2016',2,2,38,3,0,'H',2,0,'H',44,'2019-08-25 19:49:32','2019-08-25 19:49:32'),(1558,'27/03/2016',2,2,24,1,1,'D',0,0,'D',29,'2019-08-25 19:49:32','2019-08-25 19:49:32'),(1559,'27/03/2016',2,2,27,1,2,'A',0,0,'D',17,'2019-08-25 19:49:32','2019-08-25 19:49:32'),(1560,'27/03/2016',2,2,43,4,0,'H',3,0,'H',26,'2019-08-25 19:49:32','2019-08-25 19:49:32'),(1561,'27/03/2016',2,2,37,2,1,'H',1,0,'H',46,'2019-08-25 19:49:32','2019-08-25 19:49:32'),(1562,'27/03/2016',2,2,25,4,1,'H',2,0,'H',33,'2019-08-25 19:49:32','2019-08-25 19:49:32'),(1563,'27/03/2016',2,2,34,0,3,'A',0,2,'A',36,'2019-08-25 19:49:32','2019-08-25 19:49:32'),(1564,'02/04/2016',2,2,26,1,0,'H',0,0,'D',25,'2019-08-25 19:49:32','2019-08-25 19:49:32'),(1565,'02/04/2016',2,2,28,2,1,'H',1,1,'D',34,'2019-08-25 19:49:32','2019-08-25 19:49:32'),(1566,'02/04/2016',2,2,29,3,0,'H',0,0,'D',14,'2019-08-25 19:49:32','2019-08-25 19:49:32'),(1567,'02/04/2016',2,2,44,1,0,'H',0,0,'D',43,'2019-08-25 19:49:32','2019-08-25 19:49:32'),(1568,'03/04/2016',2,2,46,0,1,'A',0,0,'D',17,'2019-08-25 19:49:32','2019-08-25 19:49:32'),(1569,'03/04/2016',2,2,30,4,4,'D',2,3,'A',27,'2019-08-25 19:49:32','2019-08-25 19:49:32'),(1570,'03/04/2016',2,2,36,0,0,'D',0,0,'D',15,'2019-08-25 19:49:32','2019-08-25 19:49:32'),(1571,'03/04/2016',2,2,31,3,2,'H',1,1,'D',41,'2019-08-25 19:49:32','2019-08-25 19:49:32'),(1572,'03/04/2016',2,2,35,1,0,'H',0,0,'D',37,'2019-08-25 19:49:33','2019-08-25 19:49:33'),(1573,'03/04/2016',2,2,33,1,1,'D',0,0,'D',24,'2019-08-25 19:49:33','2019-08-25 19:49:33'),(1574,'04/04/2016',2,2,45,2,1,'H',1,1,'D',38,'2019-08-25 19:49:33','2019-08-25 19:49:33'),(1575,'09/04/2016',2,2,24,1,1,'D',1,1,'D',26,'2019-08-25 19:49:33','2019-08-25 19:49:33'),(1576,'09/04/2016',2,2,14,4,0,'H',2,0,'H',33,'2019-08-25 19:49:33','2019-08-25 19:49:33'),(1577,'09/04/2016',2,2,43,2,1,'H',0,0,'D',45,'2019-08-25 19:49:33','2019-08-25 19:49:33'),(1578,'09/04/2016',2,2,37,1,1,'D',1,1,'D',36,'2019-08-25 19:49:33','2019-08-25 19:49:33'),(1579,'09/04/2016',2,2,25,1,0,'H',1,0,'H',44,'2019-08-25 19:49:33','2019-08-25 19:49:33'),(1580,'10/04/2016',2,2,17,2,2,'D',1,1,'D',35,'2019-08-25 19:49:33','2019-08-25 19:49:33'),(1581,'10/04/2016',2,2,27,2,3,'A',0,1,'A',46,'2019-08-25 19:49:33','2019-08-25 19:49:33'),(1582,'10/04/2016',2,2,41,2,0,'H',1,0,'H',30,'2019-08-25 19:49:33','2019-08-25 19:49:33'),(1583,'10/04/2016',2,2,15,0,0,'D',0,0,'D',28,'2019-08-25 19:49:33','2019-08-25 19:49:33'),(1584,'10/04/2016',2,2,38,1,0,'H',0,0,'D',31,'2019-08-25 19:49:33','2019-08-25 19:49:33'),(1585,'10/04/2016',2,2,34,2,1,'H',1,1,'D',29,'2019-08-25 19:49:33','2019-08-25 19:49:33'),(1586,'16/04/2016',2,2,45,1,1,'D',0,0,'D',25,'2019-08-25 19:49:33','2019-08-25 19:49:33'),(1587,'16/04/2016',2,2,28,2,0,'H',1,0,'H',37,'2019-08-25 19:49:33','2019-08-25 19:49:33'),(1588,'16/04/2016',2,2,36,1,0,'H',1,0,'H',17,'2019-08-25 19:49:33','2019-08-25 19:49:33'),(1589,'16/04/2016',2,2,31,1,1,'D',0,0,'D',43,'2019-08-25 19:49:33','2019-08-25 19:49:33'),(1590,'16/04/2016',2,2,33,1,2,'A',1,1,'D',34,'2019-08-25 19:49:33','2019-08-25 19:49:33'),(1591,'17/04/2016',2,2,26,2,0,'H',1,0,'H',14,'2019-08-25 19:49:33','2019-08-25 19:49:33'),(1592,'17/04/2016',2,2,30,0,0,'D',0,0,'D',38,'2019-08-25 19:49:33','2019-08-25 19:49:33'),(1593,'17/04/2016',2,2,41,0,2,'A',0,1,'A',27,'2019-08-25 19:49:33','2019-08-25 19:49:33'),(1594,'17/04/2016',2,2,29,1,1,'D',1,0,'H',15,'2019-08-25 19:49:33','2019-08-25 19:49:33'),(1595,'17/04/2016',2,2,44,1,3,'A',0,2,'A',24,'2019-08-25 19:49:33','2019-08-25 19:49:33'),(1596,'17/04/2016',2,2,35,1,0,'H',0,0,'D',46,'2019-08-25 19:49:33','2019-08-25 19:49:33'),(1597,'23/04/2016',2,2,17,0,0,'D',0,0,'D',28,'2019-08-25 19:49:33','2019-08-25 19:49:33'),(1598,'23/04/2016',2,2,46,0,3,'A',0,1,'A',36,'2019-08-25 19:49:33','2019-08-25 19:49:33'),(1599,'23/04/2016',2,2,14,3,0,'H',1,0,'H',44,'2019-08-25 19:49:33','2019-08-25 19:49:33'),(1600,'23/04/2016',2,2,43,1,1,'D',0,0,'D',30,'2019-08-25 19:49:33','2019-08-25 19:49:33'),(1601,'23/04/2016',2,2,38,0,1,'A',0,0,'D',41,'2019-08-25 19:49:33','2019-08-25 19:49:33'),(1602,'24/04/2016',2,2,24,3,2,'H',1,1,'D',45,'2019-08-25 19:49:33','2019-08-25 19:49:33'),(1603,'24/04/2016',2,2,27,0,0,'D',0,0,'D',35,'2019-08-25 19:49:33','2019-08-25 19:49:33'),(1604,'24/04/2016',2,2,37,2,1,'H',1,0,'H',29,'2019-08-25 19:49:33','2019-08-25 19:49:33'),(1605,'24/04/2016',2,2,25,0,2,'A',0,2,'A',31,'2019-08-25 19:49:33','2019-08-25 19:49:33'),(1606,'24/04/2016',2,2,15,1,0,'H',1,0,'H',33,'2019-08-25 19:49:33','2019-08-25 19:49:33'),(1607,'24/04/2016',2,2,34,3,1,'H',2,1,'H',26,'2019-08-25 19:49:33','2019-08-25 19:49:33'),(1608,'30/04/2016',2,2,26,0,1,'A',0,1,'A',15,'2019-08-25 19:49:33','2019-08-25 19:49:33'),(1609,'30/04/2016',2,2,41,3,1,'H',3,0,'H',43,'2019-08-25 19:49:33','2019-08-25 19:49:33'),(1610,'30/04/2016',2,2,29,0,0,'D',0,0,'D',17,'2019-08-25 19:49:33','2019-08-25 19:49:33'),(1611,'30/04/2016',2,2,31,2,0,'H',1,0,'H',24,'2019-08-25 19:49:33','2019-08-25 19:49:33'),(1612,'01/05/2016',2,2,28,1,1,'D',0,0,'D',46,'2019-08-25 19:49:33','2019-08-25 19:49:33'),(1613,'01/05/2016',2,2,30,3,2,'H',0,1,'A',25,'2019-08-25 19:49:33','2019-08-25 19:49:33'),(1614,'01/05/2016',2,2,36,1,0,'H',0,0,'D',35,'2019-08-25 19:49:33','2019-08-25 19:49:33'),(1615,'01/05/2016',2,2,38,1,0,'H',1,0,'H',27,'2019-08-25 19:49:33','2019-08-25 19:49:33'),(1616,'01/05/2016',2,2,44,1,1,'D',0,0,'D',34,'2019-08-25 19:49:33','2019-08-25 19:49:33'),(1617,'01/05/2016',2,2,33,1,1,'D',0,0,'D',37,'2019-08-25 19:49:33','2019-08-25 19:49:33'),(1618,'02/05/2016',2,2,45,1,2,'A',1,0,'H',14,'2019-08-25 19:49:33','2019-08-25 19:49:33'),(1619,'07/05/2016',2,2,24,1,2,'A',1,1,'D',30,'2019-08-25 19:49:33','2019-08-25 19:49:33'),(1620,'07/05/2016',2,2,43,2,0,'H',1,0,'H',38,'2019-08-25 19:49:33','2019-08-25 19:49:33'),(1621,'07/05/2016',2,2,37,1,2,'A',1,1,'D',26,'2019-08-25 19:49:33','2019-08-25 19:49:33'),(1622,'07/05/2016',2,2,15,0,0,'D',0,0,'D',44,'2019-08-25 19:49:33','2019-08-25 19:49:33'),(1623,'07/05/2016',2,2,35,1,1,'D',0,0,'D',28,'2019-08-25 19:49:33','2019-08-25 19:49:33'),(1624,'08/05/2016',2,2,17,2,1,'H',0,0,'D',33,'2019-08-25 19:49:33','2019-08-25 19:49:33'),(1625,'08/05/2016',2,2,46,1,0,'H',0,0,'D',29,'2019-08-25 19:49:33','2019-08-25 19:49:33'),(1626,'08/05/2016',2,2,27,1,0,'H',0,0,'D',36,'2019-08-25 19:49:33','2019-08-25 19:49:33'),(1627,'08/05/2016',2,2,14,2,2,'D',0,1,'A',31,'2019-08-25 19:49:33','2019-08-25 19:49:33'),(1628,'08/05/2016',2,2,25,1,0,'H',1,0,'H',41,'2019-08-25 19:49:33','2019-08-25 19:49:33'),(1629,'08/05/2016',2,2,34,2,0,'H',1,0,'H',45,'2019-08-25 19:49:33','2019-08-25 19:49:33'),(1630,'14/05/2016',2,2,29,1,0,'H',0,0,'D',35,'2019-08-25 19:49:33','2019-08-25 19:49:33'),(1631,'14/05/2016',2,2,31,2,2,'D',1,2,'A',34,'2019-08-25 19:49:33','2019-08-25 19:49:33'),(1632,'14/05/2016',2,2,38,4,1,'H',1,0,'H',25,'2019-08-25 19:49:33','2019-08-25 19:49:33'),(1633,'14/05/2016',2,2,33,1,0,'H',1,0,'H',46,'2019-08-25 19:49:33','2019-08-25 19:49:33'),(1634,'15/05/2016',2,2,26,0,1,'A',0,0,'D',17,'2019-08-25 19:49:33','2019-08-25 19:49:33'),(1635,'15/05/2016',2,2,45,0,0,'D',0,0,'D',15,'2019-08-25 19:49:33','2019-08-25 19:49:33'),(1636,'15/05/2016',2,2,28,1,1,'D',0,1,'A',36,'2019-08-25 19:49:33','2019-08-25 19:49:33'),(1637,'15/05/2016',2,2,30,0,0,'D',0,0,'D',14,'2019-08-25 19:49:33','2019-08-25 19:49:33'),(1638,'15/05/2016',2,2,41,2,1,'H',0,1,'A',24,'2019-08-25 19:49:33','2019-08-25 19:49:33'),(1639,'15/05/2016',2,2,43,1,0,'H',1,0,'H',27,'2019-08-25 19:49:33','2019-08-25 19:49:33'),(1640,'15/05/2016',2,2,44,2,1,'H',1,0,'H',37,'2019-08-25 19:49:33','2019-08-25 19:49:33'),(1641,'21/05/2016',2,2,46,0,2,'A',0,0,'D',26,'2019-08-25 19:49:33','2019-08-25 19:49:33'),(1642,'21/05/2016',2,2,27,3,1,'H',1,0,'H',28,'2019-08-25 19:49:33','2019-08-25 19:49:33'),(1643,'21/05/2016',2,2,36,1,0,'H',0,0,'D',29,'2019-08-25 19:49:33','2019-08-25 19:49:33'),(1644,'21/05/2016',2,2,14,2,3,'A',1,1,'D',41,'2019-08-25 19:49:33','2019-08-25 19:49:33'),(1645,'21/05/2016',2,2,35,3,1,'H',2,0,'H',33,'2019-08-25 19:49:33','2019-08-25 19:49:33'),(1646,'22/05/2016',2,2,17,2,0,'H',2,0,'H',44,'2019-08-25 19:49:33','2019-08-25 19:49:33'),(1647,'22/05/2016',2,2,24,3,1,'H',0,0,'D',38,'2019-08-25 19:49:33','2019-08-25 19:49:33'),(1648,'22/05/2016',2,2,37,2,0,'H',1,0,'H',45,'2019-08-25 19:49:33','2019-08-25 19:49:33'),(1649,'22/05/2016',2,2,25,0,0,'D',0,0,'D',43,'2019-08-25 19:49:33','2019-08-25 19:49:33'),(1650,'22/05/2016',2,2,15,3,2,'H',1,2,'A',31,'2019-08-25 19:49:33','2019-08-25 19:49:33'),(1651,'22/05/2016',2,2,34,0,1,'A',0,0,'D',30,'2019-08-25 19:49:33','2019-08-25 19:49:33'),(1652,'24/05/2016',2,2,26,2,1,'H',1,0,'H',35,'2019-08-25 19:49:33','2019-08-25 19:49:33'),(1653,'24/05/2016',2,2,29,2,1,'H',1,0,'H',28,'2019-08-25 19:49:33','2019-08-25 19:49:33'),(1654,'24/05/2016',2,2,33,0,0,'D',0,0,'D',36,'2019-08-25 19:49:33','2019-08-25 19:49:33'),(1655,'25/05/2016',2,2,30,1,0,'H',0,0,'D',15,'2019-08-25 19:49:33','2019-08-25 19:49:33'),(1656,'25/05/2016',2,2,43,0,0,'D',0,0,'D',24,'2019-08-25 19:49:33','2019-08-25 19:49:33'),(1657,'25/05/2016',2,2,25,0,3,'A',0,0,'D',27,'2019-08-25 19:49:33','2019-08-25 19:49:33'),(1658,'25/05/2016',2,2,31,1,0,'H',1,0,'H',37,'2019-08-25 19:49:33','2019-08-25 19:49:33'),(1659,'25/05/2016',2,2,44,2,1,'H',0,0,'D',46,'2019-08-25 19:49:33','2019-08-25 19:49:33'),(1660,'26/05/2016',2,2,45,2,3,'A',0,2,'A',17,'2019-08-25 19:49:33','2019-08-25 19:49:33'),(1661,'26/05/2016',2,2,41,1,1,'D',0,1,'A',34,'2019-08-25 19:49:33','2019-08-25 19:49:33'),(1662,'26/05/2016',2,2,38,0,1,'A',0,0,'D',14,'2019-08-25 19:49:33','2019-08-25 19:49:33'),(1663,'29/05/2016',2,2,17,2,0,'H',2,0,'H',31,'2019-08-25 19:49:33','2019-08-25 19:49:33'),(1664,'29/05/2016',2,2,46,2,1,'H',0,0,'D',45,'2019-08-25 19:49:33','2019-08-25 19:49:33'),(1665,'29/05/2016',2,2,24,2,1,'H',1,0,'H',25,'2019-08-25 19:49:33','2019-08-25 19:49:33'),(1666,'29/05/2016',2,2,28,2,2,'D',1,1,'D',33,'2019-08-25 19:49:33','2019-08-25 19:49:33'),(1667,'29/05/2016',2,2,36,2,0,'H',1,0,'H',26,'2019-08-25 19:49:33','2019-08-25 19:49:33'),(1668,'29/05/2016',2,2,14,2,0,'H',1,0,'H',43,'2019-08-25 19:49:33','2019-08-25 19:49:33'),(1669,'29/05/2016',2,2,37,0,3,'A',0,2,'A',30,'2019-08-25 19:49:33','2019-08-25 19:49:33'),(1670,'29/05/2016',2,2,29,0,1,'A',0,1,'A',27,'2019-08-25 19:49:33','2019-08-25 19:49:33'),(1671,'29/05/2016',2,2,15,2,3,'A',1,2,'A',41,'2019-08-25 19:49:33','2019-08-25 19:49:33'),(1672,'29/05/2016',2,2,35,1,1,'D',0,0,'D',44,'2019-08-25 19:49:33','2019-08-25 19:49:33'),(1673,'29/05/2016',2,2,34,1,0,'H',1,0,'H',38,'2019-08-25 19:49:33','2019-08-25 19:49:33'),(1674,'04/06/2016',2,2,26,4,1,'H',2,0,'H',28,'2019-08-25 19:49:33','2019-08-25 19:49:33'),(1675,'04/06/2016',2,2,45,2,0,'H',1,0,'H',35,'2019-08-25 19:49:33','2019-08-25 19:49:33'),(1676,'04/06/2016',2,2,27,1,1,'D',0,1,'A',24,'2019-08-25 19:49:33','2019-08-25 19:49:33'),(1677,'04/06/2016',2,2,30,1,1,'D',0,0,'D',17,'2019-08-25 19:49:33','2019-08-25 19:49:33'),(1678,'04/06/2016',2,2,41,1,0,'H',0,0,'D',37,'2019-08-25 19:49:33','2019-08-25 19:49:33'),(1679,'04/06/2016',2,2,43,6,2,'H',2,0,'H',34,'2019-08-25 19:49:33','2019-08-25 19:49:33'),(1680,'04/06/2016',2,2,25,0,1,'A',0,0,'D',14,'2019-08-25 19:49:33','2019-08-25 19:49:33'),(1681,'04/06/2016',2,2,31,2,0,'H',0,0,'D',46,'2019-08-25 19:49:33','2019-08-25 19:49:33'),(1682,'04/06/2016',2,2,38,0,5,'A',0,1,'A',15,'2019-08-25 19:49:33','2019-08-25 19:49:33'),(1683,'04/06/2016',2,2,44,0,1,'A',0,0,'D',36,'2019-08-25 19:49:33','2019-08-25 19:49:33'),(1684,'04/06/2016',2,2,33,1,3,'A',1,2,'A',29,'2019-08-25 19:49:33','2019-08-25 19:49:33'),(1685,'13/08/2016',1,3,47,0,1,'A',0,0,'D',60,'2019-08-25 19:49:33','2019-08-25 19:49:33'),(1686,'13/08/2016',1,3,48,0,1,'A',0,0,'D',63,'2019-08-25 19:49:33','2019-08-25 19:49:33'),(1687,'13/08/2016',1,3,49,1,1,'D',1,0,'H',61,'2019-08-25 19:49:33','2019-08-25 19:49:33'),(1688,'13/08/2016',1,3,50,2,1,'H',1,0,'H',58,'2019-08-25 19:49:33','2019-08-25 19:49:33'),(1689,'13/08/2016',1,3,51,2,1,'H',1,0,'H',64,'2019-08-25 19:49:33','2019-08-25 19:49:33'),(1690,'13/08/2016',1,3,52,1,1,'D',1,0,'H',59,'2019-08-25 19:49:33','2019-08-25 19:49:33'),(1691,'13/08/2016',1,3,53,1,1,'D',0,1,'A',62,'2019-08-25 19:49:33','2019-08-25 19:49:33'),(1692,'14/08/2016',1,3,54,3,4,'A',1,1,'D',66,'2019-08-25 19:49:33','2019-08-25 19:49:33'),(1693,'14/08/2016',1,3,55,1,3,'A',0,1,'A',57,'2019-08-25 19:49:33','2019-08-25 19:49:33'),(1694,'15/08/2016',1,3,56,2,1,'H',0,0,'D',65,'2019-08-25 19:49:33','2019-08-25 19:49:33'),(1695,'19/08/2016',1,3,57,2,0,'H',1,0,'H',53,'2019-08-25 19:49:33','2019-08-25 19:49:33'),(1696,'20/08/2016',1,3,47,2,0,'H',2,0,'H',66,'2019-08-25 19:49:33','2019-08-25 19:49:33'),(1697,'20/08/2016',1,3,58,0,0,'D',0,0,'D',54,'2019-08-25 19:49:33','2019-08-25 19:49:33'),(1698,'20/08/2016',1,3,59,1,4,'A',0,2,'A',51,'2019-08-25 19:49:33','2019-08-25 19:49:33'),(1699,'20/08/2016',1,3,60,0,2,'A',0,0,'D',50,'2019-08-25 19:49:33','2019-08-25 19:49:33'),(1700,'20/08/2016',1,3,61,1,0,'H',0,0,'D',48,'2019-08-25 19:49:33','2019-08-25 19:49:33'),(1701,'20/08/2016',1,3,62,1,2,'A',0,0,'D',56,'2019-08-25 19:49:33','2019-08-25 19:49:33'),(1702,'20/08/2016',1,3,63,1,2,'A',1,1,'D',49,'2019-08-25 19:49:33','2019-08-25 19:49:33'),(1703,'21/08/2016',1,3,64,1,2,'A',0,2,'A',52,'2019-08-25 19:49:33','2019-08-25 19:49:33'),(1704,'21/08/2016',1,3,65,1,0,'H',0,0,'D',55,'2019-08-25 19:49:33','2019-08-25 19:49:33'),(1705,'27/08/2016',1,3,56,3,0,'H',2,0,'H',47,'2019-08-25 19:49:33','2019-08-25 19:49:33'),(1706,'27/08/2016',1,3,48,1,1,'D',0,1,'A',55,'2019-08-25 19:49:33','2019-08-25 19:49:33'),(1707,'27/08/2016',1,3,49,1,0,'H',0,0,'D',59,'2019-08-25 19:49:33','2019-08-25 19:49:33'),(1708,'27/08/2016',1,3,50,0,1,'A',0,0,'D',57,'2019-08-25 19:49:33','2019-08-25 19:49:33'),(1709,'27/08/2016',1,3,58,2,1,'H',1,0,'H',60,'2019-08-25 19:49:33','2019-08-25 19:49:33'),(1710,'27/08/2016',1,3,53,1,1,'D',0,0,'D',64,'2019-08-25 19:49:33','2019-08-25 19:49:33'),(1711,'27/08/2016',1,3,61,1,1,'D',0,1,'A',66,'2019-08-25 19:49:33','2019-08-25 19:49:33'),(1712,'27/08/2016',1,3,62,1,3,'A',0,3,'A',54,'2019-08-25 19:49:33','2019-08-25 19:49:33'),(1713,'28/08/2016',1,3,51,3,1,'H',2,0,'H',65,'2019-08-25 19:49:33','2019-08-25 19:49:33'),(1714,'28/08/2016',1,3,63,0,0,'D',0,0,'D',52,'2019-08-25 19:49:33','2019-08-25 19:49:33'),(1715,'10/09/2016',1,3,54,2,1,'H',1,1,'D',53,'2019-08-25 19:49:33','2019-08-25 19:49:33'),(1716,'10/09/2016',1,3,55,1,0,'H',0,0,'D',63,'2019-08-25 19:49:33','2019-08-25 19:49:33'),(1717,'10/09/2016',1,3,47,1,1,'D',0,0,'D',50,'2019-08-25 19:49:33','2019-08-25 19:49:33'),(1718,'10/09/2016',1,3,66,4,1,'H',2,1,'H',58,'2019-08-25 19:49:33','2019-08-25 19:49:33'),(1719,'10/09/2016',1,3,57,1,2,'A',1,2,'A',51,'2019-08-25 19:49:33','2019-08-25 19:49:33'),(1720,'10/09/2016',1,3,52,1,2,'A',1,1,'D',48,'2019-08-25 19:49:33','2019-08-25 19:49:33'),(1721,'10/09/2016',1,3,59,0,4,'A',0,1,'A',61,'2019-08-25 19:49:33','2019-08-25 19:49:33'),(1722,'10/09/2016',1,3,65,2,4,'A',2,2,'D',62,'2019-08-25 19:49:33','2019-08-25 19:49:33'),(1723,'11/09/2016',1,3,60,2,2,'D',0,1,'A',56,'2019-08-25 19:49:33','2019-08-25 19:49:33'),(1724,'12/09/2016',1,3,64,0,3,'A',0,0,'D',49,'2019-08-25 19:49:33','2019-08-25 19:49:33'),(1725,'16/09/2016',1,3,56,1,2,'A',0,2,'A',66,'2019-08-25 19:49:33','2019-08-25 19:49:33'),(1726,'17/09/2016',1,3,49,3,1,'H',3,1,'H',52,'2019-08-25 19:49:33','2019-08-25 19:49:33'),(1727,'17/09/2016',1,3,50,1,4,'A',0,1,'A',54,'2019-08-25 19:49:33','2019-08-25 19:49:33'),(1728,'17/09/2016',1,3,58,3,0,'H',1,0,'H',47,'2019-08-25 19:49:33','2019-08-25 19:49:33'),(1729,'17/09/2016',1,3,51,4,0,'H',2,0,'H',55,'2019-08-25 19:49:33','2019-08-25 19:49:33'),(1730,'17/09/2016',1,3,63,4,2,'H',3,0,'H',65,'2019-08-25 19:49:33','2019-08-25 19:49:33'),(1731,'18/09/2016',1,3,48,4,1,'H',2,0,'H',59,'2019-08-25 19:49:33','2019-08-25 19:49:33'),(1732,'18/09/2016',1,3,53,1,0,'H',0,0,'D',60,'2019-08-25 19:49:33','2019-08-25 19:49:33'),(1733,'18/09/2016',1,3,61,1,0,'H',0,0,'D',64,'2019-08-25 19:49:33','2019-08-25 19:49:33'),(1734,'18/09/2016',1,3,62,3,1,'H',1,0,'H',57,'2019-08-25 19:49:33','2019-08-25 19:49:33'),(1735,'24/09/2016',1,3,54,3,0,'H',3,0,'H',56,'2019-08-25 19:49:33','2019-08-25 19:49:33'),(1736,'24/09/2016',1,3,55,1,0,'H',1,0,'H',49,'2019-08-25 19:49:33','2019-08-25 19:49:33'),(1737,'24/09/2016',1,3,66,5,1,'H',3,0,'H',50,'2019-08-25 19:49:33','2019-08-25 19:49:33'),(1738,'24/09/2016',1,3,57,4,1,'H',4,0,'H',58,'2019-08-25 19:49:33','2019-08-25 19:49:33'),(1739,'24/09/2016',1,3,52,1,2,'A',0,2,'A',61,'2019-08-25 19:49:33','2019-08-25 19:49:33'),(1740,'24/09/2016',1,3,59,1,1,'D',0,0,'D',63,'2019-08-25 19:49:33','2019-08-25 19:49:33'),(1741,'24/09/2016',1,3,64,2,3,'A',1,0,'H',48,'2019-08-25 19:49:33','2019-08-25 19:49:33'),(1742,'24/09/2016',1,3,60,1,3,'A',1,1,'D',51,'2019-08-25 19:49:33','2019-08-25 19:49:33'),(1743,'25/09/2016',1,3,65,0,3,'A',0,1,'A',53,'2019-08-25 19:49:33','2019-08-25 19:49:33'),(1744,'26/09/2016',1,3,47,2,0,'H',1,0,'H',62,'2019-08-25 19:49:33','2019-08-25 19:49:33'),(1745,'30/09/2016',1,3,49,1,1,'D',1,0,'H',48,'2019-08-25 19:49:33','2019-08-25 19:49:33'),(1746,'01/10/2016',1,3,50,0,2,'A',0,0,'D',56,'2019-08-25 19:49:33','2019-08-25 19:49:33'),(1747,'01/10/2016',1,3,64,1,1,'D',0,1,'A',63,'2019-08-25 19:49:33','2019-08-25 19:49:33'),(1748,'01/10/2016',1,3,60,1,2,'A',1,0,'H',66,'2019-08-25 19:49:33','2019-08-25 19:49:33'),(1749,'01/10/2016',1,3,62,2,2,'D',0,1,'A',55,'2019-08-25 19:49:33','2019-08-25 19:49:33'),(1750,'01/10/2016',1,3,65,1,1,'D',0,0,'D',52,'2019-08-25 19:49:33','2019-08-25 19:49:33'),(1751,'02/10/2016',1,3,47,0,1,'A',0,0,'D',54,'2019-08-25 19:49:33','2019-08-25 19:49:33'),(1752,'02/10/2016',1,3,58,0,0,'D',0,0,'D',53,'2019-08-25 19:49:33','2019-08-25 19:49:33'),(1753,'02/10/2016',1,3,57,1,1,'D',0,0,'D',59,'2019-08-25 19:49:33','2019-08-25 19:49:33'),(1754,'02/10/2016',1,3,61,2,0,'H',2,0,'H',51,'2019-08-25 19:49:33','2019-08-25 19:49:33'),(1755,'15/10/2016',1,3,54,3,2,'H',2,1,'H',60,'2019-08-25 19:49:33','2019-08-25 19:49:33'),(1756,'15/10/2016',1,3,55,6,1,'H',3,1,'H',50,'2019-08-25 19:49:33','2019-08-25 19:49:33'),(1757,'15/10/2016',1,3,56,3,0,'H',2,0,'H',58,'2019-08-25 19:49:33','2019-08-25 19:49:33'),(1758,'15/10/2016',1,3,48,0,1,'A',0,1,'A',65,'2019-08-25 19:49:33','2019-08-25 19:49:33'),(1759,'15/10/2016',1,3,51,1,1,'D',0,0,'D',49,'2019-08-25 19:49:33','2019-08-25 19:49:33'),(1760,'15/10/2016',1,3,59,2,0,'H',2,0,'H',64,'2019-08-25 19:49:33','2019-08-25 19:49:33'),(1761,'15/10/2016',1,3,63,1,1,'D',0,0,'D',61,'2019-08-25 19:49:33','2019-08-25 19:49:33'),(1762,'16/10/2016',1,3,52,0,1,'A',0,0,'D',62,'2019-08-25 19:49:33','2019-08-25 19:49:33'),(1763,'16/10/2016',1,3,53,3,1,'H',0,0,'D',47,'2019-08-25 19:49:33','2019-08-25 19:49:33'),(1764,'17/10/2016',1,3,66,0,0,'D',0,0,'D',57,'2019-08-25 19:49:33','2019-08-25 19:49:33'),(1765,'22/10/2016',1,3,54,0,0,'D',0,0,'D',52,'2019-08-25 19:49:33','2019-08-25 19:49:33'),(1766,'22/10/2016',1,3,55,0,0,'D',0,0,'D',61,'2019-08-25 19:49:33','2019-08-25 19:49:33'),(1767,'22/10/2016',1,3,47,2,1,'H',1,0,'H',49,'2019-08-25 19:49:33','2019-08-25 19:49:33'),(1768,'22/10/2016',1,3,50,0,2,'A',0,1,'A',59,'2019-08-25 19:49:33','2019-08-25 19:49:33'),(1769,'22/10/2016',1,3,58,3,1,'H',1,0,'H',48,'2019-08-25 19:49:33','2019-08-25 19:49:33'),(1770,'22/10/2016',1,3,66,2,1,'H',2,0,'H',63,'2019-08-25 19:49:33','2019-08-25 19:49:33'),(1771,'22/10/2016',1,3,60,0,0,'D',0,0,'D',62,'2019-08-25 19:49:33','2019-08-25 19:49:33'),(1772,'22/10/2016',1,3,65,1,0,'H',0,0,'D',64,'2019-08-25 19:49:33','2019-08-25 19:49:33'),(1773,'23/10/2016',1,3,56,4,0,'H',2,0,'H',57,'2019-08-25 19:49:33','2019-08-25 19:49:33'),(1774,'23/10/2016',1,3,51,1,1,'D',0,1,'A',53,'2019-08-25 19:49:33','2019-08-25 19:49:33'),(1775,'29/10/2016',1,3,48,2,4,'A',2,3,'A',66,'2019-08-25 19:49:33','2019-08-25 19:49:33'),(1776,'29/10/2016',1,3,57,0,0,'D',0,0,'D',47,'2019-08-25 19:49:33','2019-08-25 19:49:33'),(1777,'29/10/2016',1,3,52,2,0,'H',1,0,'H',55,'2019-08-25 19:49:33','2019-08-25 19:49:33'),(1778,'29/10/2016',1,3,64,1,4,'A',0,1,'A',54,'2019-08-25 19:49:33','2019-08-25 19:49:33'),(1779,'29/10/2016',1,3,61,1,1,'D',1,0,'H',58,'2019-08-25 19:49:33','2019-08-25 19:49:33'),(1780,'29/10/2016',1,3,62,1,0,'H',0,0,'D',50,'2019-08-25 19:49:33','2019-08-25 19:49:33'),(1781,'29/10/2016',1,3,63,0,4,'A',0,2,'A',51,'2019-08-25 19:49:33','2019-08-25 19:49:33'),(1782,'30/10/2016',1,3,49,2,0,'H',0,0,'D',65,'2019-08-25 19:49:33','2019-08-25 19:49:33'),(1783,'30/10/2016',1,3,53,0,2,'A',0,1,'A',56,'2019-08-25 19:49:33','2019-08-25 19:49:33'),(1784,'31/10/2016',1,3,59,3,1,'H',1,1,'D',60,'2019-08-25 19:49:33','2019-08-25 19:49:33'),(1785,'05/11/2016',1,3,55,1,2,'A',1,1,'D',64,'2019-08-25 19:49:33','2019-08-25 19:49:33'),(1786,'05/11/2016',1,3,47,3,2,'H',2,0,'H',48,'2019-08-25 19:49:33','2019-08-25 19:49:33'),(1787,'05/11/2016',1,3,56,5,0,'H',3,0,'H',49,'2019-08-25 19:49:33','2019-08-25 19:49:33'),(1788,'05/11/2016',1,3,51,1,1,'D',1,0,'H',52,'2019-08-25 19:49:33','2019-08-25 19:49:33'),(1789,'05/11/2016',1,3,65,1,1,'D',0,0,'D',59,'2019-08-25 19:49:33','2019-08-25 19:49:33'),(1790,'06/11/2016',1,3,54,1,1,'D',1,0,'H',61,'2019-08-25 19:49:33','2019-08-25 19:49:33'),(1791,'06/11/2016',1,3,50,2,1,'H',0,1,'A',53,'2019-08-25 19:49:33','2019-08-25 19:49:33'),(1792,'06/11/2016',1,3,58,1,2,'A',0,0,'D',63,'2019-08-25 19:49:33','2019-08-25 19:49:33'),(1793,'06/11/2016',1,3,66,6,1,'H',3,0,'H',62,'2019-08-25 19:49:33','2019-08-25 19:49:33'),(1794,'06/11/2016',1,3,60,1,3,'A',0,3,'A',57,'2019-08-25 19:49:33','2019-08-25 19:49:33'),(1795,'19/11/2016',1,3,48,1,2,'A',0,1,'A',51,'2019-08-25 19:49:33','2019-08-25 19:49:33'),(1796,'19/11/2016',1,3,49,1,1,'D',0,1,'A',60,'2019-08-25 19:49:33','2019-08-25 19:49:33'),(1797,'19/11/2016',1,3,57,1,1,'D',0,0,'D',54,'2019-08-25 19:49:33','2019-08-25 19:49:33'),(1798,'19/11/2016',1,3,53,0,0,'D',0,0,'D',66,'2019-08-25 19:49:33','2019-08-25 19:49:33'),(1799,'19/11/2016',1,3,59,0,1,'A',0,1,'A',55,'2019-08-25 19:49:33','2019-08-25 19:49:33'),(1800,'19/11/2016',1,3,64,3,0,'H',1,0,'H',50,'2019-08-25 19:49:33','2019-08-25 19:49:33'),(1801,'19/11/2016',1,3,61,3,2,'H',0,1,'A',65,'2019-08-25 19:49:33','2019-08-25 19:49:33'),(1802,'19/11/2016',1,3,62,2,1,'H',2,1,'H',58,'2019-08-25 19:49:33','2019-08-25 19:49:33'),(1803,'20/11/2016',1,3,52,0,1,'A',0,1,'A',56,'2019-08-25 19:49:33','2019-08-25 19:49:33'),(1804,'21/11/2016',1,3,63,4,0,'H',3,0,'H',47,'2019-08-25 19:49:33','2019-08-25 19:49:33'),(1805,'26/11/2016',1,3,47,1,2,'A',1,1,'D',51,'2019-08-25 19:49:33','2019-08-25 19:49:33'),(1806,'26/11/2016',1,3,56,2,1,'H',1,1,'D',61,'2019-08-25 19:49:33','2019-08-25 19:49:33'),(1807,'26/11/2016',1,3,50,1,1,'D',0,1,'A',63,'2019-08-25 19:49:33','2019-08-25 19:49:33'),(1808,'26/11/2016',1,3,58,2,2,'D',1,1,'D',52,'2019-08-25 19:49:33','2019-08-25 19:49:33'),(1809,'26/11/2016',1,3,66,2,0,'H',0,0,'D',64,'2019-08-25 19:49:33','2019-08-25 19:49:33'),(1810,'26/11/2016',1,3,60,5,4,'H',1,1,'D',48,'2019-08-25 19:49:33','2019-08-25 19:49:33'),(1811,'27/11/2016',1,3,54,3,1,'H',1,1,'D',55,'2019-08-25 19:49:33','2019-08-25 19:49:33'),(1812,'27/11/2016',1,3,57,1,1,'D',1,1,'D',65,'2019-08-25 19:49:33','2019-08-25 19:49:33'),(1813,'27/11/2016',1,3,53,1,0,'H',1,0,'H',49,'2019-08-25 19:49:33','2019-08-25 19:49:33'),(1814,'27/11/2016',1,3,62,0,1,'A',0,1,'A',59,'2019-08-25 19:49:33','2019-08-25 19:49:33'),(1815,'03/12/2016',1,3,48,3,0,'H',2,0,'H',53,'2019-08-25 19:49:33','2019-08-25 19:49:33'),(1816,'03/12/2016',1,3,51,1,3,'A',1,0,'H',56,'2019-08-25 19:49:33','2019-08-25 19:49:33'),(1817,'03/12/2016',1,3,59,2,0,'H',2,0,'H',47,'2019-08-25 19:49:33','2019-08-25 19:49:33'),(1818,'03/12/2016',1,3,64,2,1,'H',0,0,'D',58,'2019-08-25 19:49:33','2019-08-25 19:49:33'),(1819,'03/12/2016',1,3,61,5,0,'H',2,0,'H',60,'2019-08-25 19:49:33','2019-08-25 19:49:33'),(1820,'03/12/2016',1,3,63,3,1,'H',2,0,'H',62,'2019-08-25 19:49:33','2019-08-25 19:49:33'),(1821,'03/12/2016',1,3,65,1,5,'A',0,1,'A',54,'2019-08-25 19:49:33','2019-08-25 19:49:33'),(1822,'04/12/2016',1,3,55,4,3,'H',0,2,'A',66,'2019-08-25 19:49:33','2019-08-25 19:49:33'),(1823,'04/12/2016',1,3,49,1,1,'D',0,1,'A',57,'2019-08-25 19:49:33','2019-08-25 19:49:33'),(1824,'05/12/2016',1,3,52,1,0,'H',0,0,'D',50,'2019-08-25 19:49:33','2019-08-25 19:49:33'),(1825,'10/12/2016',1,3,54,3,1,'H',1,1,'D',59,'2019-08-25 19:49:33','2019-08-25 19:49:33'),(1826,'10/12/2016',1,3,47,3,2,'H',2,1,'H',55,'2019-08-25 19:49:33','2019-08-25 19:49:33'),(1827,'10/12/2016',1,3,50,3,3,'D',1,0,'H',48,'2019-08-25 19:49:33','2019-08-25 19:49:33'),(1828,'10/12/2016',1,3,58,4,2,'H',3,0,'H',51,'2019-08-25 19:49:33','2019-08-25 19:49:33'),(1829,'10/12/2016',1,3,60,3,0,'H',0,0,'D',64,'2019-08-25 19:49:33','2019-08-25 19:49:33'),(1830,'10/12/2016',1,3,62,3,2,'H',1,1,'D',49,'2019-08-25 19:49:33','2019-08-25 19:49:33'),(1831,'11/12/2016',1,3,56,1,0,'H',0,0,'D',63,'2019-08-25 19:49:33','2019-08-25 19:49:33'),(1832,'11/12/2016',1,3,66,2,2,'D',1,2,'A',65,'2019-08-25 19:49:33','2019-08-25 19:49:33'),(1833,'11/12/2016',1,3,57,1,0,'H',1,0,'H',61,'2019-08-25 19:49:33','2019-08-25 19:49:33'),(1834,'11/12/2016',1,3,53,1,0,'H',0,0,'D',52,'2019-08-25 19:49:33','2019-08-25 19:49:33'),(1835,'13/12/2016',1,3,55,1,0,'H',1,0,'H',58,'2019-08-25 19:49:33','2019-08-25 19:49:33'),(1836,'13/12/2016',1,3,49,2,1,'H',1,1,'D',54,'2019-08-25 19:49:33','2019-08-25 19:49:33'),(1837,'14/12/2016',1,3,48,1,2,'A',0,1,'A',57,'2019-08-25 19:49:33','2019-08-25 19:49:33'),(1838,'14/12/2016',1,3,51,2,0,'H',1,0,'H',62,'2019-08-25 19:49:33','2019-08-25 19:49:33'),(1839,'14/12/2016',1,3,52,0,3,'A',0,1,'A',66,'2019-08-25 19:49:33','2019-08-25 19:49:33'),(1840,'14/12/2016',1,3,59,0,0,'D',0,0,'D',53,'2019-08-25 19:49:33','2019-08-25 19:49:33'),(1841,'14/12/2016',1,3,64,0,1,'A',0,1,'A',56,'2019-08-25 19:49:33','2019-08-25 19:49:33'),(1842,'14/12/2016',1,3,61,3,0,'H',1,0,'H',50,'2019-08-25 19:49:33','2019-08-25 19:49:33'),(1843,'14/12/2016',1,3,63,3,1,'H',0,0,'D',60,'2019-08-25 19:49:33','2019-08-25 19:49:33'),(1844,'14/12/2016',1,3,65,1,0,'H',1,0,'H',47,'2019-08-25 19:49:33','2019-08-25 19:49:33'),(1845,'17/12/2016',1,3,48,0,1,'A',0,1,'A',56,'2019-08-25 19:49:33','2019-08-25 19:49:33'),(1846,'17/12/2016',1,3,52,3,0,'H',2,0,'H',60,'2019-08-25 19:49:33','2019-08-25 19:49:33'),(1847,'17/12/2016',1,3,59,2,2,'D',2,0,'H',58,'2019-08-25 19:49:33','2019-08-25 19:49:33'),(1848,'17/12/2016',1,3,64,1,0,'H',0,0,'D',62,'2019-08-25 19:49:33','2019-08-25 19:49:33'),(1849,'17/12/2016',1,3,63,0,2,'A',0,1,'A',57,'2019-08-25 19:49:33','2019-08-25 19:49:33'),(1850,'17/12/2016',1,3,65,1,0,'H',0,0,'D',50,'2019-08-25 19:49:33','2019-08-25 19:49:33'),(1851,'18/12/2016',1,3,55,1,3,'A',1,1,'D',53,'2019-08-25 19:49:33','2019-08-25 19:49:33'),(1852,'18/12/2016',1,3,51,2,1,'H',0,1,'A',54,'2019-08-25 19:49:33','2019-08-25 19:49:33'),(1853,'18/12/2016',1,3,61,2,1,'H',1,1,'D',47,'2019-08-25 19:49:33','2019-08-25 19:49:33'),(1854,'19/12/2016',1,3,49,0,1,'A',0,0,'D',66,'2019-08-25 19:49:33','2019-08-25 19:49:33'),(1855,'26/12/2016',1,3,54,1,0,'H',0,0,'D',63,'2019-08-25 19:49:33','2019-08-25 19:49:33'),(1856,'26/12/2016',1,3,47,1,0,'H',0,0,'D',52,'2019-08-25 19:49:33','2019-08-25 19:49:33'),(1857,'26/12/2016',1,3,56,3,0,'H',1,0,'H',55,'2019-08-25 19:49:33','2019-08-25 19:49:33'),(1858,'26/12/2016',1,3,50,0,3,'A',0,0,'D',51,'2019-08-25 19:49:33','2019-08-25 19:49:33'),(1859,'26/12/2016',1,3,58,0,2,'A',0,0,'D',49,'2019-08-25 19:49:33','2019-08-25 19:49:33'),(1860,'26/12/2016',1,3,57,3,1,'H',1,0,'H',64,'2019-08-25 19:49:33','2019-08-25 19:49:33'),(1861,'26/12/2016',1,3,60,1,4,'A',0,1,'A',65,'2019-08-25 19:49:33','2019-08-25 19:49:33'),(1862,'26/12/2016',1,3,62,1,1,'D',0,1,'A',48,'2019-08-25 19:49:33','2019-08-25 19:49:33'),(1863,'27/12/2016',1,3,66,4,1,'H',2,1,'H',59,'2019-08-25 19:49:33','2019-08-25 19:49:33'),(1864,'28/12/2016',1,3,53,1,4,'A',1,1,'D',61,'2019-08-25 19:49:33','2019-08-25 19:49:33'),(1865,'30/12/2016',1,3,50,2,2,'D',1,1,'D',49,'2019-08-25 19:49:33','2019-08-25 19:49:33'),(1866,'31/12/2016',1,3,47,4,1,'H',1,0,'H',64,'2019-08-25 19:49:33','2019-08-25 19:49:33'),(1867,'31/12/2016',1,3,56,4,2,'H',1,0,'H',59,'2019-08-25 19:49:33','2019-08-25 19:49:33'),(1868,'31/12/2016',1,3,58,1,0,'H',1,0,'H',65,'2019-08-25 19:49:33','2019-08-25 19:49:33'),(1869,'31/12/2016',1,3,66,1,0,'H',1,0,'H',51,'2019-08-25 19:49:33','2019-08-25 19:49:33'),(1870,'31/12/2016',1,3,57,2,1,'H',0,0,'D',52,'2019-08-25 19:49:33','2019-08-25 19:49:33'),(1871,'31/12/2016',1,3,53,1,2,'A',1,1,'D',63,'2019-08-25 19:49:33','2019-08-25 19:49:33'),(1872,'31/12/2016',1,3,60,0,3,'A',0,2,'A',55,'2019-08-25 19:49:33','2019-08-25 19:49:33'),(1873,'01/01/2017',1,3,54,2,0,'H',1,0,'H',48,'2019-08-25 19:49:33','2019-08-25 19:49:33'),(1874,'01/01/2017',1,3,62,1,4,'A',0,3,'A',61,'2019-08-25 19:49:33','2019-08-25 19:49:33'),(1875,'02/01/2017',1,3,49,3,0,'H',0,0,'D',53,'2019-08-25 19:49:33','2019-08-25 19:49:33'),(1876,'02/01/2017',1,3,51,2,1,'H',0,0,'D',47,'2019-08-25 19:49:33','2019-08-25 19:49:33'),(1877,'02/01/2017',1,3,52,0,0,'D',0,0,'D',58,'2019-08-25 19:49:33','2019-08-25 19:49:33'),(1878,'02/01/2017',1,3,64,2,2,'D',1,1,'D',66,'2019-08-25 19:49:33','2019-08-25 19:49:33'),(1879,'02/01/2017',1,3,63,3,1,'H',0,1,'A',50,'2019-08-25 19:49:33','2019-08-25 19:49:33'),(1880,'02/01/2017',1,3,65,0,2,'A',0,0,'D',57,'2019-08-25 19:49:33','2019-08-25 19:49:33'),(1881,'03/01/2017',1,3,55,3,3,'D',2,0,'H',54,'2019-08-25 19:49:33','2019-08-25 19:49:33'),(1882,'03/01/2017',1,3,48,1,2,'A',0,1,'A',60,'2019-08-25 19:49:33','2019-08-25 19:49:33'),(1883,'03/01/2017',1,3,59,2,0,'H',1,0,'H',62,'2019-08-25 19:49:33','2019-08-25 19:49:33'),(1884,'04/01/2017',1,3,61,2,0,'H',1,0,'H',56,'2019-08-25 19:49:33','2019-08-25 19:49:33'),(1885,'14/01/2017',1,3,47,1,0,'H',0,0,'D',53,'2019-08-25 19:49:33','2019-08-25 19:49:33'),(1886,'14/01/2017',1,3,50,3,1,'H',1,1,'D',55,'2019-08-25 19:49:33','2019-08-25 19:49:33'),(1887,'14/01/2017',1,3,58,0,3,'A',0,1,'A',56,'2019-08-25 19:49:33','2019-08-25 19:49:33'),(1888,'14/01/2017',1,3,64,1,3,'A',1,3,'A',59,'2019-08-25 19:49:33','2019-08-25 19:49:33'),(1889,'14/01/2017',1,3,60,0,4,'A',0,1,'A',54,'2019-08-25 19:49:33','2019-08-25 19:49:33'),(1890,'14/01/2017',1,3,61,4,0,'H',2,0,'H',63,'2019-08-25 19:49:33','2019-08-25 19:49:33'),(1891,'14/01/2017',1,3,62,0,0,'D',0,0,'D',52,'2019-08-25 19:49:33','2019-08-25 19:49:33'),(1892,'14/01/2017',1,3,65,3,0,'H',0,0,'D',48,'2019-08-25 19:49:33','2019-08-25 19:49:33'),(1893,'15/01/2017',1,3,49,4,0,'H',1,0,'H',51,'2019-08-25 19:49:33','2019-08-25 19:49:33'),(1894,'15/01/2017',1,3,57,1,1,'D',0,1,'A',66,'2019-08-25 19:49:33','2019-08-25 19:49:33'),(1895,'21/01/2017',1,3,55,2,2,'D',0,1,'A',62,'2019-08-25 19:49:33','2019-08-25 19:49:33'),(1896,'21/01/2017',1,3,48,0,1,'A',0,0,'D',49,'2019-08-25 19:49:33','2019-08-25 19:49:33'),(1897,'21/01/2017',1,3,66,2,3,'A',0,0,'D',60,'2019-08-25 19:49:33','2019-08-25 19:49:33'),(1898,'21/01/2017',1,3,51,2,2,'D',0,0,'D',61,'2019-08-25 19:49:33','2019-08-25 19:49:33'),(1899,'21/01/2017',1,3,52,1,3,'A',1,2,'A',65,'2019-08-25 19:49:33','2019-08-25 19:49:33'),(1900,'21/01/2017',1,3,59,1,1,'D',1,0,'H',57,'2019-08-25 19:49:33','2019-08-25 19:49:33'),(1901,'21/01/2017',1,3,63,2,0,'H',2,0,'H',64,'2019-08-25 19:49:33','2019-08-25 19:49:33'),(1902,'22/01/2017',1,3,54,2,1,'H',0,0,'D',47,'2019-08-25 19:49:33','2019-08-25 19:49:33'),(1903,'22/01/2017',1,3,56,2,0,'H',1,0,'H',50,'2019-08-25 19:49:33','2019-08-25 19:49:33'),(1904,'22/01/2017',1,3,53,3,0,'H',2,0,'H',58,'2019-08-25 19:49:33','2019-08-25 19:49:33'),(1905,'31/01/2017',1,3,54,1,2,'A',0,2,'A',62,'2019-08-25 19:49:33','2019-08-25 19:49:33'),(1906,'31/01/2017',1,3,55,0,2,'A',0,0,'D',48,'2019-08-25 19:49:33','2019-08-25 19:49:33'),(1907,'31/01/2017',1,3,47,1,0,'H',0,0,'D',58,'2019-08-25 19:49:33','2019-08-25 19:49:33'),(1908,'31/01/2017',1,3,66,1,1,'D',0,1,'A',56,'2019-08-25 19:49:33','2019-08-25 19:49:33'),(1909,'31/01/2017',1,3,52,1,1,'D',1,1,'D',63,'2019-08-25 19:49:33','2019-08-25 19:49:33'),(1910,'31/01/2017',1,3,64,0,0,'D',0,0,'D',61,'2019-08-25 19:49:33','2019-08-25 19:49:33'),(1911,'31/01/2017',1,3,60,2,1,'H',1,0,'H',53,'2019-08-25 19:49:33','2019-08-25 19:49:33'),(1912,'01/02/2017',1,3,57,0,0,'D',0,0,'D',50,'2019-08-25 19:49:33','2019-08-25 19:49:33'),(1913,'01/02/2017',1,3,59,1,1,'D',1,1,'D',49,'2019-08-25 19:49:33','2019-08-25 19:49:33'),(1914,'01/02/2017',1,3,65,0,4,'A',0,3,'A',51,'2019-08-25 19:49:33','2019-08-25 19:49:33'),(1915,'04/02/2017',1,3,56,3,1,'H',1,0,'H',54,'2019-08-25 19:49:33','2019-08-25 19:49:33'),(1916,'04/02/2017',1,3,48,0,4,'A',0,4,'A',64,'2019-08-25 19:49:33','2019-08-25 19:49:33'),(1917,'04/02/2017',1,3,49,6,3,'H',3,0,'H',55,'2019-08-25 19:49:33','2019-08-25 19:49:33'),(1918,'04/02/2017',1,3,50,2,0,'H',1,0,'H',66,'2019-08-25 19:49:33','2019-08-25 19:49:33'),(1919,'04/02/2017',1,3,53,1,3,'A',1,2,'A',65,'2019-08-25 19:49:33','2019-08-25 19:49:33'),(1920,'04/02/2017',1,3,61,1,0,'H',0,0,'D',52,'2019-08-25 19:49:33','2019-08-25 19:49:33'),(1921,'04/02/2017',1,3,62,2,1,'H',2,0,'H',47,'2019-08-25 19:49:33','2019-08-25 19:49:33'),(1922,'04/02/2017',1,3,63,1,0,'H',1,0,'H',59,'2019-08-25 19:49:33','2019-08-25 19:49:33'),(1923,'05/02/2017',1,3,58,0,3,'A',0,2,'A',57,'2019-08-25 19:49:33','2019-08-25 19:49:33'),(1924,'05/02/2017',1,3,51,2,1,'H',1,0,'H',60,'2019-08-25 19:49:33','2019-08-25 19:49:33'),(1925,'11/02/2017',1,3,54,2,0,'H',1,0,'H',50,'2019-08-25 19:49:33','2019-08-25 19:49:33'),(1926,'11/02/2017',1,3,66,2,0,'H',2,0,'H',61,'2019-08-25 19:49:33','2019-08-25 19:49:33'),(1927,'11/02/2017',1,3,57,2,0,'H',1,0,'H',62,'2019-08-25 19:49:33','2019-08-25 19:49:33'),(1928,'11/02/2017',1,3,52,0,0,'D',0,0,'D',49,'2019-08-25 19:49:33','2019-08-25 19:49:33'),(1929,'11/02/2017',1,3,59,1,0,'H',0,0,'D',48,'2019-08-25 19:49:33','2019-08-25 19:49:33'),(1930,'11/02/2017',1,3,64,0,4,'A',0,2,'A',53,'2019-08-25 19:49:33','2019-08-25 19:49:33'),(1931,'11/02/2017',1,3,65,2,2,'D',0,1,'A',63,'2019-08-25 19:49:33','2019-08-25 19:49:33'),(1932,'12/02/2017',1,3,47,1,1,'D',1,1,'D',56,'2019-08-25 19:49:33','2019-08-25 19:49:33'),(1933,'12/02/2017',1,3,60,2,0,'H',2,0,'H',58,'2019-08-25 19:49:33','2019-08-25 19:49:33'),(1934,'13/02/2017',1,3,55,0,2,'A',0,1,'A',51,'2019-08-25 19:49:33','2019-08-25 19:49:33'),(1935,'25/02/2017',1,3,56,3,1,'H',1,1,'D',60,'2019-08-25 19:49:33','2019-08-25 19:49:33'),(1936,'25/02/2017',1,3,48,1,0,'H',1,0,'H',52,'2019-08-25 19:49:33','2019-08-25 19:49:33'),(1937,'25/02/2017',1,3,49,2,0,'H',1,0,'H',64,'2019-08-25 19:49:33','2019-08-25 19:49:33'),(1938,'25/02/2017',1,3,50,1,1,'D',0,0,'D',47,'2019-08-25 19:49:33','2019-08-25 19:49:33'),(1939,'25/02/2017',1,3,62,1,1,'D',1,0,'H',65,'2019-08-25 19:49:33','2019-08-25 19:49:33'),(1940,'25/02/2017',1,3,63,2,1,'H',2,1,'H',55,'2019-08-25 19:49:33','2019-08-25 19:49:33'),(1941,'26/02/2017',1,3,61,4,0,'H',4,0,'H',59,'2019-08-25 19:49:33','2019-08-25 19:49:33'),(1942,'27/02/2017',1,3,58,3,1,'H',2,0,'H',66,'2019-08-25 19:49:33','2019-08-25 19:49:33'),(1943,'04/03/2017',1,3,58,3,1,'H',1,1,'D',50,'2019-08-25 19:49:33','2019-08-25 19:49:33'),(1944,'04/03/2017',1,3,66,3,1,'H',2,0,'H',54,'2019-08-25 19:49:33','2019-08-25 19:49:33'),(1945,'04/03/2017',1,3,57,1,1,'D',1,1,'D',55,'2019-08-25 19:49:33','2019-08-25 19:49:33'),(1946,'04/03/2017',1,3,59,2,0,'H',2,0,'H',52,'2019-08-25 19:49:33','2019-08-25 19:49:33'),(1947,'04/03/2017',1,3,60,3,2,'H',1,1,'D',47,'2019-08-25 19:49:33','2019-08-25 19:49:33'),(1948,'04/03/2017',1,3,62,3,4,'A',1,2,'A',53,'2019-08-25 19:49:33','2019-08-25 19:49:33'),(1949,'04/03/2017',1,3,63,0,2,'A',0,0,'D',48,'2019-08-25 19:49:33','2019-08-25 19:49:33'),(1950,'05/03/2017',1,3,64,0,2,'A',0,1,'A',51,'2019-08-25 19:49:33','2019-08-25 19:49:33'),(1951,'05/03/2017',1,3,61,3,2,'H',1,0,'H',49,'2019-08-25 19:49:33','2019-08-25 19:49:33'),(1952,'06/03/2017',1,3,65,1,2,'A',0,1,'A',56,'2019-08-25 19:49:33','2019-08-25 19:49:33'),(1953,'08/03/2017',1,3,51,0,0,'D',0,0,'D',59,'2019-08-25 19:49:33','2019-08-25 19:49:33'),(1954,'11/03/2017',1,3,55,3,2,'H',1,1,'D',65,'2019-08-25 19:49:33','2019-08-25 19:49:33'),(1955,'11/03/2017',1,3,49,3,0,'H',2,0,'H',63,'2019-08-25 19:49:33','2019-08-25 19:49:33'),(1956,'11/03/2017',1,3,50,2,1,'H',0,0,'D',60,'2019-08-25 19:49:33','2019-08-25 19:49:33'),(1957,'12/03/2017',1,3,66,2,1,'H',1,1,'D',47,'2019-08-25 19:49:33','2019-08-25 19:49:33'),(1958,'18/03/2017',1,3,55,2,0,'H',1,0,'H',60,'2019-08-25 19:49:33','2019-08-25 19:49:33'),(1959,'18/03/2017',1,3,48,1,0,'H',0,0,'D',62,'2019-08-25 19:49:33','2019-08-25 19:49:33'),(1960,'18/03/2017',1,3,49,4,0,'H',1,0,'H',50,'2019-08-25 19:49:33','2019-08-25 19:49:33'),(1961,'18/03/2017',1,3,59,1,2,'A',1,1,'D',56,'2019-08-25 19:49:33','2019-08-25 19:49:33'),(1962,'18/03/2017',1,3,64,0,0,'D',0,0,'D',47,'2019-08-25 19:49:33','2019-08-25 19:49:33'),(1963,'18/03/2017',1,3,63,3,1,'H',1,1,'D',54,'2019-08-25 19:49:33','2019-08-25 19:49:33'),(1964,'18/03/2017',1,3,65,2,3,'A',1,3,'A',58,'2019-08-25 19:49:33','2019-08-25 19:49:33'),(1965,'19/03/2017',1,3,51,1,1,'D',0,0,'D',66,'2019-08-25 19:49:33','2019-08-25 19:49:33'),(1966,'19/03/2017',1,3,52,1,3,'A',0,1,'A',57,'2019-08-25 19:49:33','2019-08-25 19:49:33'),(1967,'19/03/2017',1,3,61,2,1,'H',2,0,'H',53,'2019-08-25 19:49:33','2019-08-25 19:49:33'),(1968,'01/04/2017',1,3,47,0,2,'A',0,0,'D',61,'2019-08-25 19:49:33','2019-08-25 19:49:33'),(1969,'01/04/2017',1,3,56,1,2,'A',1,2,'A',48,'2019-08-25 19:49:33','2019-08-25 19:49:33'),(1970,'01/04/2017',1,3,50,2,1,'H',0,1,'A',65,'2019-08-25 19:49:33','2019-08-25 19:49:33'),(1971,'01/04/2017',1,3,58,2,0,'H',1,0,'H',59,'2019-08-25 19:49:33','2019-08-25 19:49:33'),(1972,'01/04/2017',1,3,66,3,1,'H',2,1,'H',49,'2019-08-25 19:49:33','2019-08-25 19:49:33'),(1973,'01/04/2017',1,3,57,0,0,'D',0,0,'D',63,'2019-08-25 19:49:33','2019-08-25 19:49:33'),(1974,'01/04/2017',1,3,53,0,0,'D',0,0,'D',55,'2019-08-25 19:49:33','2019-08-25 19:49:33'),(1975,'01/04/2017',1,3,62,1,0,'H',0,0,'D',64,'2019-08-25 19:49:33','2019-08-25 19:49:33'),(1976,'02/04/2017',1,3,54,2,2,'D',1,2,'A',51,'2019-08-25 19:49:33','2019-08-25 19:49:33'),(1977,'02/04/2017',1,3,60,0,0,'D',0,0,'D',52,'2019-08-25 19:49:33','2019-08-25 19:49:33'),(1978,'04/04/2017',1,3,47,1,0,'H',0,0,'D',59,'2019-08-25 19:49:33','2019-08-25 19:49:33'),(1979,'04/04/2017',1,3,58,2,0,'H',0,0,'D',64,'2019-08-25 19:49:33','2019-08-25 19:49:33'),(1980,'04/04/2017',1,3,57,1,1,'D',0,1,'A',49,'2019-08-25 19:49:33','2019-08-25 19:49:33'),(1981,'04/04/2017',1,3,62,2,0,'H',1,0,'H',63,'2019-08-25 19:49:33','2019-08-25 19:49:33'),(1982,'05/04/2017',1,3,54,3,0,'H',0,0,'D',65,'2019-08-25 19:49:33','2019-08-25 19:49:33'),(1983,'05/04/2017',1,3,56,2,1,'H',2,1,'H',51,'2019-08-25 19:49:33','2019-08-25 19:49:33'),(1984,'05/04/2017',1,3,50,4,2,'H',3,2,'H',52,'2019-08-25 19:49:33','2019-08-25 19:49:33'),(1985,'05/04/2017',1,3,66,2,2,'D',1,1,'D',55,'2019-08-25 19:49:33','2019-08-25 19:49:33'),(1986,'05/04/2017',1,3,53,3,1,'H',1,1,'D',48,'2019-08-25 19:49:33','2019-08-25 19:49:33'),(1987,'05/04/2017',1,3,60,1,3,'A',1,0,'H',61,'2019-08-25 19:49:33','2019-08-25 19:49:33'),(1988,'08/04/2017',1,3,55,1,3,'A',1,2,'A',56,'2019-08-25 19:49:33','2019-08-25 19:49:33'),(1989,'08/04/2017',1,3,51,3,1,'H',1,0,'H',50,'2019-08-25 19:49:33','2019-08-25 19:49:33'),(1990,'08/04/2017',1,3,52,0,0,'D',0,0,'D',47,'2019-08-25 19:49:33','2019-08-25 19:49:33'),(1991,'08/04/2017',1,3,59,1,2,'A',1,0,'H',66,'2019-08-25 19:49:33','2019-08-25 19:49:33'),(1992,'08/04/2017',1,3,61,4,0,'H',3,0,'H',62,'2019-08-25 19:49:33','2019-08-25 19:49:33'),(1993,'08/04/2017',1,3,63,0,1,'A',0,1,'A',53,'2019-08-25 19:49:33','2019-08-25 19:49:33'),(1994,'08/04/2017',1,3,65,1,0,'H',1,0,'H',60,'2019-08-25 19:49:33','2019-08-25 19:49:33'),(1995,'09/04/2017',1,3,49,4,2,'H',3,2,'H',58,'2019-08-25 19:49:33','2019-08-25 19:49:33'),(1996,'09/04/2017',1,3,64,0,3,'A',0,1,'A',57,'2019-08-25 19:49:33','2019-08-25 19:49:33'),(1997,'10/04/2017',1,3,48,3,0,'H',1,0,'H',54,'2019-08-25 19:49:33','2019-08-25 19:49:33'),(1998,'15/04/2017',1,3,48,2,2,'D',0,1,'A',58,'2019-08-25 19:49:33','2019-08-25 19:49:33'),(1999,'15/04/2017',1,3,49,3,1,'H',0,0,'D',47,'2019-08-25 19:49:33','2019-08-25 19:49:33'),(2000,'15/04/2017',1,3,53,0,3,'A',0,0,'D',51,'2019-08-25 19:49:33','2019-08-25 19:49:33'),(2001,'15/04/2017',1,3,59,3,1,'H',1,0,'H',50,'2019-08-25 19:49:33','2019-08-25 19:49:33'),(2002,'15/04/2017',1,3,64,2,2,'D',1,1,'D',65,'2019-08-25 19:49:33','2019-08-25 19:49:33'),(2003,'15/04/2017',1,3,61,4,0,'H',2,0,'H',55,'2019-08-25 19:49:33','2019-08-25 19:49:33'),(2004,'15/04/2017',1,3,62,1,0,'H',1,0,'H',60,'2019-08-25 19:49:33','2019-08-25 19:49:33'),(2005,'16/04/2017',1,3,57,2,0,'H',1,0,'H',56,'2019-08-25 19:49:33','2019-08-25 19:49:33'),(2006,'16/04/2017',1,3,63,0,1,'A',0,1,'A',66,'2019-08-25 19:49:33','2019-08-25 19:49:33'),(2007,'17/04/2017',1,3,52,1,2,'A',0,1,'A',54,'2019-08-25 19:49:33','2019-08-25 19:49:33'),(2008,'22/04/2017',1,3,55,4,0,'H',2,0,'H',52,'2019-08-25 19:49:33','2019-08-25 19:49:33'),(2009,'22/04/2017',1,3,50,2,0,'H',0,0,'D',62,'2019-08-25 19:49:33','2019-08-25 19:49:33'),(2010,'22/04/2017',1,3,60,2,0,'H',1,0,'H',59,'2019-08-25 19:49:33','2019-08-25 19:49:33'),(2011,'22/04/2017',1,3,65,0,0,'D',0,0,'D',49,'2019-08-25 19:49:33','2019-08-25 19:49:33'),(2012,'23/04/2017',1,3,47,0,2,'A',0,2,'A',57,'2019-08-25 19:49:33','2019-08-25 19:49:33'),(2013,'23/04/2017',1,3,66,1,2,'A',1,1,'D',48,'2019-08-25 19:49:33','2019-08-25 19:49:33'),(2014,'25/04/2017',1,3,56,4,2,'H',2,1,'H',53,'2019-08-25 19:49:33','2019-08-25 19:49:33'),(2015,'26/04/2017',1,3,54,1,0,'H',0,0,'D',58,'2019-08-25 19:49:33','2019-08-25 19:49:33'),(2016,'26/04/2017',1,3,48,0,1,'A',0,0,'D',61,'2019-08-25 19:49:33','2019-08-25 19:49:33'),(2017,'26/04/2017',1,3,52,1,0,'H',1,0,'H',64,'2019-08-25 19:49:33','2019-08-25 19:49:33'),(2018,'27/04/2017',1,3,51,0,0,'D',0,0,'D',57,'2019-08-25 19:49:33','2019-08-25 19:49:33'),(2019,'29/04/2017',1,3,48,0,2,'A',0,1,'A',47,'2019-08-25 19:49:33','2019-08-25 19:49:33'),(2020,'29/04/2017',1,3,53,0,0,'D',0,0,'D',50,'2019-08-25 19:49:33','2019-08-25 19:49:33'),(2021,'29/04/2017',1,3,59,0,0,'D',0,0,'D',65,'2019-08-25 19:49:33','2019-08-25 19:49:33'),(2022,'29/04/2017',1,3,64,0,1,'A',0,0,'D',55,'2019-08-25 19:49:33','2019-08-25 19:49:33'),(2023,'29/04/2017',1,3,63,0,1,'A',0,1,'A',58,'2019-08-25 19:49:33','2019-08-25 19:49:33'),(2024,'30/04/2017',1,3,49,0,3,'A',0,0,'D',56,'2019-08-25 19:49:33','2019-08-25 19:49:33'),(2025,'30/04/2017',1,3,57,1,1,'D',1,0,'H',60,'2019-08-25 19:49:33','2019-08-25 19:49:33'),(2026,'30/04/2017',1,3,52,2,2,'D',1,0,'H',51,'2019-08-25 19:49:33','2019-08-25 19:49:33'),(2027,'30/04/2017',1,3,61,2,0,'H',0,0,'D',54,'2019-08-25 19:49:33','2019-08-25 19:49:33'),(2028,'01/05/2017',1,3,62,0,1,'A',0,1,'A',66,'2019-08-25 19:49:33','2019-08-25 19:49:33'),(2029,'05/05/2017',1,3,65,1,0,'H',0,0,'D',61,'2019-08-25 19:49:33','2019-08-25 19:49:33'),(2030,'06/05/2017',1,3,55,2,2,'D',0,1,'A',59,'2019-08-25 19:49:33','2019-08-25 19:49:33'),(2031,'06/05/2017',1,3,47,2,2,'D',0,0,'D',63,'2019-08-25 19:49:33','2019-08-25 19:49:33'),(2032,'06/05/2017',1,3,50,0,2,'A',0,0,'D',64,'2019-08-25 19:49:33','2019-08-25 19:49:33'),(2033,'06/05/2017',1,3,58,3,0,'H',1,0,'H',62,'2019-08-25 19:49:33','2019-08-25 19:49:33'),(2034,'06/05/2017',1,3,51,5,0,'H',1,0,'H',48,'2019-08-25 19:49:33','2019-08-25 19:49:33'),(2035,'06/05/2017',1,3,60,1,0,'H',1,0,'H',49,'2019-08-25 19:49:33','2019-08-25 19:49:33'),(2036,'07/05/2017',1,3,54,2,0,'H',0,0,'D',57,'2019-08-25 19:49:33','2019-08-25 19:49:33'),(2037,'07/05/2017',1,3,66,0,0,'D',0,0,'D',53,'2019-08-25 19:49:33','2019-08-25 19:49:33'),(2038,'08/05/2017',1,3,56,3,0,'H',2,0,'H',52,'2019-08-25 19:49:33','2019-08-25 19:49:33'),(2039,'10/05/2017',1,3,53,0,2,'A',0,0,'D',54,'2019-08-25 19:49:33','2019-08-25 19:49:33'),(2040,'12/05/2017',1,3,49,1,0,'H',0,0,'D',62,'2019-08-25 19:49:33','2019-08-25 19:49:33'),(2041,'12/05/2017',1,3,63,0,1,'A',0,0,'D',56,'2019-08-25 19:49:33','2019-08-25 19:49:33'),(2042,'13/05/2017',1,3,55,2,1,'H',1,0,'H',47,'2019-08-25 19:49:33','2019-08-25 19:49:33'),(2043,'13/05/2017',1,3,51,2,1,'H',2,1,'H',58,'2019-08-25 19:49:33','2019-08-25 19:49:33'),(2044,'13/05/2017',1,3,52,1,2,'A',0,1,'A',53,'2019-08-25 19:49:33','2019-08-25 19:49:33'),(2045,'13/05/2017',1,3,59,1,4,'A',0,1,'A',54,'2019-08-25 19:49:33','2019-08-25 19:49:33'),(2046,'13/05/2017',1,3,64,0,2,'A',0,2,'A',60,'2019-08-25 19:49:33','2019-08-25 19:49:33'),(2047,'14/05/2017',1,3,48,4,0,'H',2,0,'H',50,'2019-08-25 19:49:33','2019-08-25 19:49:33'),(2048,'14/05/2017',1,3,61,2,1,'H',1,0,'H',57,'2019-08-25 19:49:33','2019-08-25 19:49:33'),(2049,'14/05/2017',1,3,65,0,4,'A',0,1,'A',66,'2019-08-25 19:49:33','2019-08-25 19:49:33'),(2050,'15/05/2017',1,3,56,4,3,'H',2,1,'H',62,'2019-08-25 19:49:33','2019-08-25 19:49:33'),(2051,'16/05/2017',1,3,54,2,0,'H',0,0,'D',64,'2019-08-25 19:49:33','2019-08-25 19:49:33'),(2052,'16/05/2017',1,3,51,3,1,'H',2,0,'H',63,'2019-08-25 19:49:33','2019-08-25 19:49:33'),(2053,'17/05/2017',1,3,53,0,0,'D',0,0,'D',57,'2019-08-25 19:49:33','2019-08-25 19:49:33'),(2054,'18/05/2017',1,3,58,1,6,'A',0,2,'A',61,'2019-08-25 19:49:33','2019-08-25 19:49:33'),(2055,'21/05/2017',1,3,54,3,1,'H',2,0,'H',49,'2019-08-25 19:49:33','2019-08-25 19:49:33'),(2056,'21/05/2017',1,3,47,1,2,'A',1,1,'D',65,'2019-08-25 19:49:33','2019-08-25 19:49:33'),(2057,'21/05/2017',1,3,56,5,1,'H',1,1,'D',64,'2019-08-25 19:49:33','2019-08-25 19:49:33'),(2058,'21/05/2017',1,3,50,1,7,'A',0,3,'A',61,'2019-08-25 19:49:33','2019-08-25 19:49:33'),(2059,'21/05/2017',1,3,58,1,1,'D',0,1,'A',55,'2019-08-25 19:49:33','2019-08-25 19:49:33'),(2060,'21/05/2017',1,3,66,3,0,'H',1,0,'H',52,'2019-08-25 19:49:33','2019-08-25 19:49:33'),(2061,'21/05/2017',1,3,57,2,0,'H',2,0,'H',48,'2019-08-25 19:49:33','2019-08-25 19:49:33'),(2062,'21/05/2017',1,3,53,0,1,'A',0,0,'D',59,'2019-08-25 19:49:33','2019-08-25 19:49:33'),(2063,'21/05/2017',1,3,60,2,1,'H',0,1,'A',63,'2019-08-25 19:49:33','2019-08-25 19:49:33'),(2064,'21/05/2017',1,3,62,0,5,'A',0,4,'A',51,'2019-08-25 19:49:33','2019-08-25 19:49:33'),(2065,'26/08/2016',1,4,67,6,0,'H',2,0,'H',84,'2019-08-25 19:49:33','2019-08-25 19:49:33'),(2066,'27/08/2016',1,4,68,0,2,'A',0,1,'A',82,'2019-08-25 19:49:33','2019-08-25 19:49:33'),(2067,'27/08/2016',1,4,69,2,1,'H',1,0,'H',83,'2019-08-25 19:49:33','2019-08-25 19:49:33'),(2068,'27/08/2016',1,4,70,1,0,'H',1,0,'H',76,'2019-08-25 19:49:33','2019-08-25 19:49:33'),(2069,'27/08/2016',1,4,71,2,0,'H',1,0,'H',77,'2019-08-25 19:49:33','2019-08-25 19:49:33'),(2070,'27/08/2016',1,4,72,1,1,'D',1,0,'H',79,'2019-08-25 19:49:33','2019-08-25 19:49:33'),(2071,'27/08/2016',1,4,73,2,1,'H',1,0,'H',80,'2019-08-25 19:49:33','2019-08-25 19:49:33'),(2072,'28/08/2016',1,4,74,2,1,'H',0,0,'D',78,'2019-08-25 19:49:33','2019-08-25 19:49:33'),(2073,'28/08/2016',1,4,75,2,2,'D',0,0,'D',81,'2019-08-25 19:49:33','2019-08-25 19:49:33'),(2074,'09/09/2016',1,4,76,0,2,'A',0,0,'D',67,'2019-08-25 19:49:33','2019-08-25 19:49:33'),(2075,'10/09/2016',1,4,77,1,0,'H',0,0,'D',70,'2019-08-25 19:49:33','2019-08-25 19:49:33'),(2076,'10/09/2016',1,4,78,3,1,'H',0,1,'A',73,'2019-08-25 19:49:33','2019-08-25 19:49:33'),(2077,'10/09/2016',1,4,79,0,2,'A',0,1,'A',74,'2019-08-25 19:49:33','2019-08-25 19:49:33'),(2078,'10/09/2016',1,4,80,3,1,'H',0,0,'D',72,'2019-08-25 19:49:33','2019-08-25 19:49:33'),(2079,'10/09/2016',1,4,81,1,0,'H',0,0,'D',69,'2019-08-25 19:49:33','2019-08-25 19:49:33'),(2080,'10/09/2016',1,4,82,0,0,'D',0,0,'D',71,'2019-08-25 19:49:33','2019-08-25 19:49:33'),(2081,'11/09/2016',1,4,83,4,4,'D',4,1,'H',75,'2019-08-25 19:49:33','2019-08-25 19:49:33'),(2082,'11/09/2016',1,4,84,1,2,'A',1,0,'H',68,'2019-08-25 19:49:33','2019-08-25 19:49:33'),(2083,'16/09/2016',1,4,71,3,0,'H',3,0,'H',78,'2019-08-25 19:49:33','2019-08-25 19:49:33'),(2084,'17/09/2016',1,4,67,3,1,'H',1,1,'D',79,'2019-08-25 19:49:33','2019-08-25 19:49:33'),(2085,'17/09/2016',1,4,69,6,0,'H',1,0,'H',77,'2019-08-25 19:49:33','2019-08-25 19:49:33'),(2086,'17/09/2016',1,4,70,2,1,'H',0,0,'D',80,'2019-08-25 19:49:33','2019-08-25 19:49:33'),(2087,'17/09/2016',1,4,72,0,4,'A',0,0,'D',81,'2019-08-25 19:49:33','2019-08-25 19:49:33'),(2088,'17/09/2016',1,4,75,0,0,'D',0,0,'D',82,'2019-08-25 19:49:33','2019-08-25 19:49:33'),(2089,'17/09/2016',1,4,73,4,1,'H',4,0,'H',84,'2019-08-25 19:49:33','2019-08-25 19:49:33'),(2090,'18/09/2016',1,4,68,1,3,'A',0,1,'A',83,'2019-08-25 19:49:33','2019-08-25 19:49:33'),(2091,'18/09/2016',1,4,74,2,0,'H',0,0,'D',76,'2019-08-25 19:49:33','2019-08-25 19:49:33'),(2092,'20/09/2016',1,4,77,1,1,'D',0,0,'D',75,'2019-08-25 19:49:33','2019-08-25 19:49:33'),(2093,'20/09/2016',1,4,78,1,0,'H',0,0,'D',72,'2019-08-25 19:49:33','2019-08-25 19:49:33'),(2094,'20/09/2016',1,4,79,0,2,'A',0,1,'A',70,'2019-08-25 19:49:33','2019-08-25 19:49:33'),(2095,'20/09/2016',1,4,82,1,5,'A',0,2,'A',69,'2019-08-25 19:49:33','2019-08-25 19:49:33'),(2096,'21/09/2016',1,4,67,3,0,'H',1,0,'H',74,'2019-08-25 19:49:33','2019-08-25 19:49:33'),(2097,'21/09/2016',1,4,80,0,0,'D',0,0,'D',68,'2019-08-25 19:49:33','2019-08-25 19:49:33'),(2098,'21/09/2016',1,4,81,1,1,'D',1,0,'H',73,'2019-08-25 19:49:33','2019-08-25 19:49:33'),(2099,'21/09/2016',1,4,76,1,3,'A',1,1,'D',71,'2019-08-25 19:49:33','2019-08-25 19:49:33'),(2100,'21/09/2016',1,4,84,1,2,'A',1,0,'H',83,'2019-08-25 19:49:33','2019-08-25 19:49:33'),(2101,'23/09/2016',1,4,69,3,1,'H',1,0,'H',78,'2019-08-25 19:49:33','2019-08-25 19:49:33'),(2102,'24/09/2016',1,4,68,1,0,'H',0,0,'D',77,'2019-08-25 19:49:33','2019-08-25 19:49:33'),(2103,'24/09/2016',1,4,70,3,3,'D',2,1,'H',74,'2019-08-25 19:49:33','2019-08-25 19:49:33'),(2104,'24/09/2016',1,4,72,0,1,'A',0,0,'D',67,'2019-08-25 19:49:33','2019-08-25 19:49:33'),(2105,'24/09/2016',1,4,83,2,3,'A',2,1,'H',80,'2019-08-25 19:49:33','2019-08-25 19:49:33'),(2106,'24/09/2016',1,4,73,2,0,'H',1,0,'H',79,'2019-08-25 19:49:33','2019-08-25 19:49:33'),(2107,'24/09/2016',1,4,84,2,1,'H',0,0,'D',82,'2019-08-25 19:49:33','2019-08-25 19:49:33'),(2108,'25/09/2016',1,4,71,1,1,'D',1,1,'D',81,'2019-08-25 19:49:33','2019-08-25 19:49:33'),(2109,'25/09/2016',1,4,75,2,1,'H',2,1,'H',76,'2019-08-25 19:49:33','2019-08-25 19:49:33'),(2110,'30/09/2016',1,4,81,2,1,'H',1,1,'D',68,'2019-08-25 19:49:33','2019-08-25 19:49:33'),(2111,'01/10/2016',1,4,67,1,1,'D',1,0,'H',71,'2019-08-25 19:49:33','2019-08-25 19:49:33'),(2112,'01/10/2016',1,4,77,2,2,'D',1,0,'H',84,'2019-08-25 19:49:33','2019-08-25 19:49:33'),(2113,'01/10/2016',1,4,78,1,0,'H',1,0,'H',70,'2019-08-25 19:49:33','2019-08-25 19:49:33'),(2114,'01/10/2016',1,4,74,2,0,'H',1,0,'H',72,'2019-08-25 19:49:33','2019-08-25 19:49:33'),(2115,'01/10/2016',1,4,79,1,2,'A',0,2,'A',75,'2019-08-25 19:49:33','2019-08-25 19:49:33'),(2116,'01/10/2016',1,4,80,2,0,'H',1,0,'H',69,'2019-08-25 19:49:33','2019-08-25 19:49:33'),(2117,'02/10/2016',1,4,76,4,0,'H',0,0,'D',73,'2019-08-25 19:49:33','2019-08-25 19:49:33'),(2118,'02/10/2016',1,4,82,0,0,'D',0,0,'D',83,'2019-08-25 19:49:33','2019-08-25 19:49:33'),(2119,'14/10/2016',1,4,69,1,1,'D',0,0,'D',74,'2019-08-25 19:49:33','2019-08-25 19:49:33'),(2120,'15/10/2016',1,4,68,1,1,'D',0,0,'D',76,'2019-08-25 19:49:33','2019-08-25 19:49:33'),(2121,'15/10/2016',1,4,70,2,2,'D',1,1,'D',67,'2019-08-25 19:49:33','2019-08-25 19:49:33'),(2122,'15/10/2016',1,4,71,2,1,'H',2,0,'H',79,'2019-08-25 19:49:33','2019-08-25 19:49:33'),(2123,'15/10/2016',1,4,75,2,1,'H',1,0,'H',78,'2019-08-25 19:49:33','2019-08-25 19:49:33'),(2124,'15/10/2016',1,4,73,0,0,'D',0,0,'D',72,'2019-08-25 19:49:33','2019-08-25 19:49:33'),(2125,'15/10/2016',1,4,84,2,1,'H',1,1,'D',80,'2019-08-25 19:49:33','2019-08-25 19:49:33'),(2126,'16/10/2016',1,4,83,2,1,'H',1,0,'H',77,'2019-08-25 19:49:33','2019-08-25 19:49:33'),(2127,'16/10/2016',1,4,82,0,1,'A',0,0,'D',81,'2019-08-25 19:49:33','2019-08-25 19:49:33'),(2128,'21/10/2016',1,4,72,0,3,'A',0,1,'A',70,'2019-08-25 19:49:33','2019-08-25 19:49:33'),(2129,'22/10/2016',1,4,67,2,0,'H',2,0,'H',73,'2019-08-25 19:49:33','2019-08-25 19:49:33'),(2130,'22/10/2016',1,4,77,3,1,'H',1,0,'H',82,'2019-08-25 19:49:33','2019-08-25 19:49:33'),(2131,'22/10/2016',1,4,78,2,1,'H',0,0,'D',68,'2019-08-25 19:49:33','2019-08-25 19:49:33'),(2132,'22/10/2016',1,4,74,2,1,'H',1,0,'H',71,'2019-08-25 19:49:33','2019-08-25 19:49:33'),(2133,'22/10/2016',1,4,79,3,3,'D',2,0,'H',69,'2019-08-25 19:49:33','2019-08-25 19:49:33'),(2134,'22/10/2016',1,4,80,0,3,'A',0,1,'A',75,'2019-08-25 19:49:33','2019-08-25 19:49:33'),(2135,'23/10/2016',1,4,81,3,1,'H',1,0,'H',84,'2019-08-25 19:49:33','2019-08-25 19:49:33'),(2136,'23/10/2016',1,4,76,3,0,'H',1,0,'H',83,'2019-08-25 19:49:33','2019-08-25 19:49:33'),(2137,'28/10/2016',1,4,73,0,0,'D',0,0,'D',70,'2019-08-25 19:49:33','2019-08-25 19:49:33'),(2138,'29/10/2016',1,4,68,1,3,'A',0,2,'A',67,'2019-08-25 19:49:33','2019-08-25 19:49:33'),(2139,'29/10/2016',1,4,77,0,2,'A',0,0,'D',81,'2019-08-25 19:49:33','2019-08-25 19:49:33'),(2140,'29/10/2016',1,4,69,0,0,'D',0,0,'D',76,'2019-08-25 19:49:33','2019-08-25 19:49:33'),(2141,'29/10/2016',1,4,83,2,0,'H',0,0,'D',79,'2019-08-25 19:49:33','2019-08-25 19:49:33'),(2142,'29/10/2016',1,4,84,1,3,'A',0,2,'A',78,'2019-08-25 19:49:33','2019-08-25 19:49:33'),(2143,'29/10/2016',1,4,82,1,2,'A',1,0,'H',80,'2019-08-25 19:49:33','2019-08-25 19:49:33'),(2144,'30/10/2016',1,4,71,3,0,'H',0,0,'D',72,'2019-08-25 19:49:33','2019-08-25 19:49:33'),(2145,'30/10/2016',1,4,75,1,0,'H',1,0,'H',74,'2019-08-25 19:49:33','2019-08-25 19:49:33'),(2146,'04/11/2016',1,4,74,3,0,'H',2,0,'H',73,'2019-08-25 19:49:33','2019-08-25 19:49:33'),(2147,'05/11/2016',1,4,67,1,1,'D',1,1,'D',75,'2019-08-25 19:49:33','2019-08-25 19:49:33'),(2148,'05/11/2016',1,4,70,1,0,'H',1,0,'H',71,'2019-08-25 19:49:33','2019-08-25 19:49:33'),(2149,'05/11/2016',1,4,78,0,3,'A',0,1,'A',82,'2019-08-25 19:49:33','2019-08-25 19:49:33'),(2150,'05/11/2016',1,4,72,2,5,'A',0,3,'A',69,'2019-08-25 19:49:33','2019-08-25 19:49:33'),(2151,'05/11/2016',1,4,79,0,2,'A',0,0,'D',68,'2019-08-25 19:49:33','2019-08-25 19:49:33'),(2152,'05/11/2016',1,4,80,3,2,'H',1,0,'H',77,'2019-08-25 19:49:33','2019-08-25 19:49:33'),(2153,'06/11/2016',1,4,81,3,1,'H',3,0,'H',83,'2019-08-25 19:49:33','2019-08-25 19:49:33'),(2154,'06/11/2016',1,4,76,3,1,'H',2,1,'H',84,'2019-08-25 19:49:33','2019-08-25 19:49:33'),(2155,'18/11/2016',1,4,80,2,3,'A',2,1,'H',81,'2019-08-25 19:49:33','2019-08-25 19:49:33'),(2156,'19/11/2016',1,4,68,0,0,'D',0,0,'D',74,'2019-08-25 19:49:33','2019-08-25 19:49:33'),(2157,'19/11/2016',1,4,77,0,1,'A',0,0,'D',79,'2019-08-25 19:49:33','2019-08-25 19:49:33'),(2158,'19/11/2016',1,4,69,1,0,'H',1,0,'H',67,'2019-08-25 19:49:33','2019-08-25 19:49:33'),(2159,'19/11/2016',1,4,83,4,2,'H',2,0,'H',78,'2019-08-25 19:49:33','2019-08-25 19:49:33'),(2160,'19/11/2016',1,4,73,1,2,'A',1,0,'H',71,'2019-08-25 19:49:33','2019-08-25 19:49:33'),(2161,'19/11/2016',1,4,82,0,1,'A',0,0,'D',76,'2019-08-25 19:49:33','2019-08-25 19:49:33'),(2162,'20/11/2016',1,4,75,2,2,'D',1,1,'D',72,'2019-08-25 19:49:33','2019-08-25 19:49:33'),(2163,'20/11/2016',1,4,84,1,2,'A',1,0,'H',70,'2019-08-25 19:49:33','2019-08-25 19:49:33'),(2164,'25/11/2016',1,4,78,1,4,'A',1,3,'A',81,'2019-08-25 19:49:33','2019-08-25 19:49:33'),(2165,'26/11/2016',1,4,67,2,1,'H',1,1,'D',80,'2019-08-25 19:49:33','2019-08-25 19:49:33'),(2166,'26/11/2016',1,4,70,2,1,'H',0,0,'D',69,'2019-08-25 19:49:33','2019-08-25 19:49:33'),(2167,'26/11/2016',1,4,71,0,0,'D',0,0,'D',68,'2019-08-25 19:49:33','2019-08-25 19:49:33'),(2168,'26/11/2016',1,4,72,2,2,'D',2,2,'D',84,'2019-08-25 19:49:33','2019-08-25 19:49:33'),(2169,'26/11/2016',1,4,79,1,1,'D',1,0,'H',82,'2019-08-25 19:49:33','2019-08-25 19:49:33'),(2170,'26/11/2016',1,4,73,1,1,'D',1,0,'H',75,'2019-08-25 19:49:33','2019-08-25 19:49:33'),(2171,'27/11/2016',1,4,74,2,1,'H',1,1,'D',83,'2019-08-25 19:49:33','2019-08-25 19:49:33'),(2172,'27/11/2016',1,4,76,3,1,'H',1,1,'D',77,'2019-08-25 19:49:33','2019-08-25 19:49:33'),(2173,'02/12/2016',1,4,83,1,3,'A',1,2,'A',67,'2019-08-25 19:49:33','2019-08-25 19:49:33'),(2174,'03/12/2016',1,4,69,4,1,'H',2,1,'H',73,'2019-08-25 19:49:33','2019-08-25 19:49:33'),(2175,'03/12/2016',1,4,75,4,0,'H',2,0,'H',71,'2019-08-25 19:49:33','2019-08-25 19:49:33'),(2176,'03/12/2016',1,4,80,1,1,'D',0,1,'A',78,'2019-08-25 19:49:33','2019-08-25 19:49:33'),(2177,'03/12/2016',1,4,81,2,1,'H',1,1,'D',76,'2019-08-25 19:49:33','2019-08-25 19:49:33'),(2178,'03/12/2016',1,4,84,2,1,'H',1,0,'H',79,'2019-08-25 19:49:33','2019-08-25 19:49:33'),(2179,'03/12/2016',1,4,82,2,3,'A',2,1,'H',74,'2019-08-25 19:49:33','2019-08-25 19:49:33'),(2180,'04/12/2016',1,4,68,1,1,'D',1,1,'D',70,'2019-08-25 19:49:33','2019-08-25 19:49:33'),(2181,'04/12/2016',1,4,77,0,2,'A',0,1,'A',72,'2019-08-25 19:49:33','2019-08-25 19:49:33'),(2182,'09/12/2016',1,4,70,0,0,'D',0,0,'D',75,'2019-08-25 19:49:33','2019-08-25 19:49:33'),(2183,'10/12/2016',1,4,67,5,0,'H',2,0,'H',82,'2019-08-25 19:49:33','2019-08-25 19:49:33'),(2184,'10/12/2016',1,4,71,1,1,'D',1,0,'H',69,'2019-08-25 19:49:33','2019-08-25 19:49:33'),(2185,'10/12/2016',1,4,78,1,0,'H',0,0,'D',77,'2019-08-25 19:49:33','2019-08-25 19:49:33'),(2186,'10/12/2016',1,4,72,1,0,'H',0,0,'D',68,'2019-08-25 19:49:33','2019-08-25 19:49:33'),(2187,'10/12/2016',1,4,74,0,1,'A',0,1,'A',84,'2019-08-25 19:49:33','2019-08-25 19:49:33'),(2188,'10/12/2016',1,4,79,1,0,'H',1,0,'H',81,'2019-08-25 19:49:33','2019-08-25 19:49:33'),(2189,'11/12/2016',1,4,73,1,0,'H',0,0,'D',83,'2019-08-25 19:49:33','2019-08-25 19:49:33'),(2190,'11/12/2016',1,4,76,0,1,'A',0,0,'D',80,'2019-08-25 19:49:33','2019-08-25 19:49:33'),(2191,'16/12/2016',1,4,75,2,2,'D',2,1,'H',69,'2019-08-25 19:49:33','2019-08-25 19:49:33'),(2192,'17/12/2016',1,4,68,1,0,'H',0,0,'D',73,'2019-08-25 19:49:33','2019-08-25 19:49:33'),(2193,'17/12/2016',1,4,83,3,1,'H',1,1,'D',72,'2019-08-25 19:49:33','2019-08-25 19:49:33'),(2194,'17/12/2016',1,4,81,2,0,'H',1,0,'H',74,'2019-08-25 19:49:33','2019-08-25 19:49:33'),(2195,'17/12/2016',1,4,76,1,1,'D',0,0,'D',78,'2019-08-25 19:49:33','2019-08-25 19:49:33'),(2196,'17/12/2016',1,4,84,1,1,'D',1,1,'D',71,'2019-08-25 19:49:33','2019-08-25 19:49:33'),(2197,'17/12/2016',1,4,82,1,0,'H',1,0,'H',70,'2019-08-25 19:49:33','2019-08-25 19:49:33'),(2198,'18/12/2016',1,4,77,0,1,'A',0,0,'D',67,'2019-08-25 19:49:33','2019-08-25 19:49:33'),(2199,'18/12/2016',1,4,80,1,2,'A',0,1,'A',79,'2019-08-25 19:49:33','2019-08-25 19:49:33'),(2200,'20/12/2016',1,4,69,1,1,'D',0,1,'A',68,'2019-08-25 19:49:33','2019-08-25 19:49:33'),(2201,'20/12/2016',1,4,70,3,0,'H',1,0,'H',83,'2019-08-25 19:49:33','2019-08-25 19:49:33'),(2202,'20/12/2016',1,4,72,2,1,'H',0,0,'D',76,'2019-08-25 19:49:33','2019-08-25 19:49:33'),(2203,'20/12/2016',1,4,73,1,2,'A',0,1,'A',82,'2019-08-25 19:49:33','2019-08-25 19:49:33'),(2204,'21/12/2016',1,4,67,3,0,'H',3,0,'H',81,'2019-08-25 19:49:33','2019-08-25 19:49:33'),(2205,'21/12/2016',1,4,71,1,1,'D',1,1,'D',80,'2019-08-25 19:49:33','2019-08-25 19:49:33'),(2206,'21/12/2016',1,4,74,2,0,'H',0,0,'D',77,'2019-08-25 19:49:33','2019-08-25 19:49:33'),(2207,'21/12/2016',1,4,75,1,1,'D',1,0,'H',84,'2019-08-25 19:49:33','2019-08-25 19:49:33'),(2208,'21/12/2016',1,4,79,1,2,'A',0,2,'A',78,'2019-08-25 19:49:33','2019-08-25 19:49:33'),(2209,'20/01/2017',1,4,78,1,2,'A',1,1,'D',67,'2019-08-25 19:49:33','2019-08-25 19:49:33'),(2210,'21/01/2017',1,4,68,0,2,'A',0,0,'D',75,'2019-08-25 19:49:33','2019-08-25 19:49:33'),(2211,'21/01/2017',1,4,77,0,0,'D',0,0,'D',73,'2019-08-25 19:49:33','2019-08-25 19:49:33'),(2212,'21/01/2017',1,4,81,3,0,'H',2,0,'H',70,'2019-08-25 19:49:33','2019-08-25 19:49:33'),(2213,'21/01/2017',1,4,76,1,0,'H',0,0,'D',79,'2019-08-25 19:49:33','2019-08-25 19:49:33'),(2214,'21/01/2017',1,4,84,1,2,'A',0,1,'A',69,'2019-08-25 19:49:33','2019-08-25 19:49:33'),(2215,'21/01/2017',1,4,82,1,0,'H',0,0,'D',72,'2019-08-25 19:49:33','2019-08-25 19:49:33'),(2216,'22/01/2017',1,4,80,3,1,'H',2,1,'H',74,'2019-08-25 19:49:33','2019-08-25 19:49:33'),(2217,'22/01/2017',1,4,83,0,0,'D',0,0,'D',71,'2019-08-25 19:49:33','2019-08-25 19:49:33'),(2218,'27/01/2017',1,4,76,0,1,'A',0,1,'A',70,'2019-08-25 19:49:33','2019-08-25 19:49:33'),(2219,'28/01/2017',1,4,77,1,6,'A',0,3,'A',71,'2019-08-25 19:49:33','2019-08-25 19:49:33'),(2220,'28/01/2017',1,4,79,3,1,'H',2,0,'H',72,'2019-08-25 19:49:33','2019-08-25 19:49:33'),(2221,'28/01/2017',1,4,80,2,3,'A',2,0,'H',73,'2019-08-25 19:49:33','2019-08-25 19:49:33'),(2222,'28/01/2017',1,4,81,2,1,'H',1,1,'D',75,'2019-08-25 19:49:33','2019-08-25 19:49:33'),(2223,'28/01/2017',1,4,84,1,2,'A',0,2,'A',67,'2019-08-25 19:49:33','2019-08-25 19:49:33'),(2224,'28/01/2017',1,4,82,1,2,'A',1,1,'D',68,'2019-08-25 19:49:33','2019-08-25 19:49:33'),(2225,'29/01/2017',1,4,78,2,1,'H',1,0,'H',74,'2019-08-25 19:49:33','2019-08-25 19:49:33'),(2226,'29/01/2017',1,4,83,1,1,'D',0,1,'A',69,'2019-08-25 19:49:33','2019-08-25 19:49:33'),(2227,'03/02/2017',1,4,72,1,0,'H',0,0,'D',80,'2019-08-25 19:49:33','2019-08-25 19:49:33'),(2228,'04/02/2017',1,4,67,1,1,'D',1,1,'D',76,'2019-08-25 19:49:33','2019-08-25 19:49:33'),(2229,'04/02/2017',1,4,69,1,0,'H',1,0,'H',81,'2019-08-25 19:49:33','2019-08-25 19:49:33'),(2230,'04/02/2017',1,4,71,1,0,'H',0,0,'D',82,'2019-08-25 19:49:33','2019-08-25 19:49:33'),(2231,'04/02/2017',1,4,74,1,0,'H',1,0,'H',79,'2019-08-25 19:49:33','2019-08-25 19:49:33'),(2232,'04/02/2017',1,4,75,4,0,'H',1,0,'H',83,'2019-08-25 19:49:33','2019-08-25 19:49:33'),(2233,'04/02/2017',1,4,73,3,0,'H',0,0,'D',78,'2019-08-25 19:49:33','2019-08-25 19:49:33'),(2234,'05/02/2017',1,4,68,3,2,'H',1,1,'D',84,'2019-08-25 19:49:33','2019-08-25 19:49:33'),(2235,'05/02/2017',1,4,70,2,0,'H',0,0,'D',77,'2019-08-25 19:49:33','2019-08-25 19:49:33'),(2236,'10/02/2017',1,4,83,2,0,'H',1,0,'H',68,'2019-08-25 19:49:33','2019-08-25 19:49:33'),(2237,'11/02/2017',1,4,77,2,1,'H',1,1,'D',69,'2019-08-25 19:49:34','2019-08-25 19:49:34'),(2238,'11/02/2017',1,4,79,0,2,'A',0,0,'D',67,'2019-08-25 19:49:34','2019-08-25 19:49:34'),(2239,'11/02/2017',1,4,80,3,0,'H',1,0,'H',70,'2019-08-25 19:49:34','2019-08-25 19:49:34'),(2240,'11/02/2017',1,4,81,0,3,'A',0,2,'A',72,'2019-08-25 19:49:34','2019-08-25 19:49:34'),(2241,'11/02/2017',1,4,76,2,0,'H',1,0,'H',74,'2019-08-25 19:49:34','2019-08-25 19:49:34'),(2242,'11/02/2017',1,4,84,0,1,'A',0,1,'A',73,'2019-08-25 19:49:34','2019-08-25 19:49:34'),(2243,'12/02/2017',1,4,78,2,1,'H',1,1,'D',71,'2019-08-25 19:49:34','2019-08-25 19:49:34'),(2244,'12/02/2017',1,4,82,2,1,'H',0,1,'A',75,'2019-08-25 19:49:34','2019-08-25 19:49:34'),(2245,'17/02/2017',1,4,68,1,3,'A',0,2,'A',80,'2019-08-25 19:49:34','2019-08-25 19:49:34'),(2246,'18/02/2017',1,4,69,3,0,'H',1,0,'H',82,'2019-08-25 19:49:34','2019-08-25 19:49:34'),(2247,'18/02/2017',1,4,70,0,2,'A',0,1,'A',79,'2019-08-25 19:49:34','2019-08-25 19:49:34'),(2248,'18/02/2017',1,4,72,2,2,'D',1,1,'D',78,'2019-08-25 19:49:34','2019-08-25 19:49:34'),(2249,'18/02/2017',1,4,74,1,1,'D',1,0,'H',67,'2019-08-25 19:49:34','2019-08-25 19:49:34'),(2250,'18/02/2017',1,4,75,2,0,'H',0,0,'D',77,'2019-08-25 19:49:34','2019-08-25 19:49:34'),(2251,'18/02/2017',1,4,83,0,2,'A',0,2,'A',84,'2019-08-25 19:49:34','2019-08-25 19:49:34'),(2252,'19/02/2017',1,4,71,1,1,'D',1,1,'D',76,'2019-08-25 19:49:34','2019-08-25 19:49:34'),(2253,'19/02/2017',1,4,73,1,2,'A',0,1,'A',81,'2019-08-25 19:49:34','2019-08-25 19:49:34'),(2254,'24/02/2017',1,4,82,1,2,'A',1,2,'A',84,'2019-08-25 19:49:34','2019-08-25 19:49:34'),(2255,'25/02/2017',1,4,67,8,0,'H',3,0,'H',72,'2019-08-25 19:49:34','2019-08-25 19:49:34'),(2256,'25/02/2017',1,4,77,1,2,'A',0,0,'D',68,'2019-08-25 19:49:34','2019-08-25 19:49:34'),(2257,'25/02/2017',1,4,78,0,3,'A',0,1,'A',69,'2019-08-25 19:49:34','2019-08-25 19:49:34'),(2258,'25/02/2017',1,4,74,2,0,'H',0,0,'D',70,'2019-08-25 19:49:34','2019-08-25 19:49:34'),(2259,'25/02/2017',1,4,80,0,2,'A',0,2,'A',83,'2019-08-25 19:49:34','2019-08-25 19:49:34'),(2260,'25/02/2017',1,4,81,3,1,'H',2,0,'H',71,'2019-08-25 19:49:34','2019-08-25 19:49:34'),(2261,'26/02/2017',1,4,79,0,2,'A',0,0,'D',73,'2019-08-25 19:49:34','2019-08-25 19:49:34'),(2262,'26/02/2017',1,4,76,1,1,'D',1,0,'H',75,'2019-08-25 19:49:34','2019-08-25 19:49:34'),(2263,'03/03/2017',1,4,68,2,2,'D',1,1,'D',81,'2019-08-25 19:49:34','2019-08-25 19:49:34'),(2264,'04/03/2017',1,4,69,6,2,'H',2,0,'H',80,'2019-08-25 19:49:34','2019-08-25 19:49:34'),(2265,'04/03/2017',1,4,71,0,3,'A',0,1,'A',67,'2019-08-25 19:49:34','2019-08-25 19:49:34'),(2266,'04/03/2017',1,4,75,5,2,'H',1,1,'D',79,'2019-08-25 19:49:34','2019-08-25 19:49:34'),(2267,'04/03/2017',1,4,83,1,1,'D',1,1,'D',82,'2019-08-25 19:49:34','2019-08-25 19:49:34'),(2268,'04/03/2017',1,4,73,4,2,'H',1,1,'D',76,'2019-08-25 19:49:34','2019-08-25 19:49:34'),(2269,'04/03/2017',1,4,84,2,0,'H',0,0,'D',77,'2019-08-25 19:49:34','2019-08-25 19:49:34'),(2270,'05/03/2017',1,4,70,1,2,'A',1,1,'D',78,'2019-08-25 19:49:34','2019-08-25 19:49:34'),(2271,'05/03/2017',1,4,72,1,0,'H',0,0,'D',74,'2019-08-25 19:49:34','2019-08-25 19:49:34'),(2272,'10/03/2017',1,4,80,1,1,'D',1,0,'H',84,'2019-08-25 19:49:34','2019-08-25 19:49:34'),(2273,'11/03/2017',1,4,67,3,0,'H',2,0,'H',70,'2019-08-25 19:49:34','2019-08-25 19:49:34'),(2274,'11/03/2017',1,4,77,2,1,'H',2,1,'H',83,'2019-08-25 19:49:34','2019-08-25 19:49:34'),(2275,'11/03/2017',1,4,78,1,1,'D',0,0,'D',75,'2019-08-25 19:49:34','2019-08-25 19:49:34'),(2276,'11/03/2017',1,4,74,2,1,'H',1,0,'H',69,'2019-08-25 19:49:34','2019-08-25 19:49:34'),(2277,'11/03/2017',1,4,79,2,2,'D',1,1,'D',71,'2019-08-25 19:49:34','2019-08-25 19:49:34'),(2278,'11/03/2017',1,4,81,0,1,'A',0,1,'A',82,'2019-08-25 19:49:34','2019-08-25 19:49:34'),(2279,'12/03/2017',1,4,72,2,1,'H',1,1,'D',73,'2019-08-25 19:49:34','2019-08-25 19:49:34'),(2280,'12/03/2017',1,4,76,3,0,'H',3,0,'H',68,'2019-08-25 19:49:34','2019-08-25 19:49:34'),(2281,'17/03/2017',1,4,69,1,0,'H',1,0,'H',79,'2019-08-25 19:49:34','2019-08-25 19:49:34'),(2282,'18/03/2017',1,4,68,1,1,'D',1,1,'D',78,'2019-08-25 19:49:34','2019-08-25 19:49:34'),(2283,'18/03/2017',1,4,70,0,0,'D',0,0,'D',72,'2019-08-25 19:49:34','2019-08-25 19:49:34'),(2284,'18/03/2017',1,4,71,4,2,'H',3,0,'H',74,'2019-08-25 19:49:34','2019-08-25 19:49:34'),(2285,'18/03/2017',1,4,75,1,0,'H',0,0,'D',80,'2019-08-25 19:49:34','2019-08-25 19:49:34'),(2286,'18/03/2017',1,4,84,3,0,'H',1,0,'H',81,'2019-08-25 19:49:34','2019-08-25 19:49:34'),(2287,'18/03/2017',1,4,82,1,0,'H',1,0,'H',77,'2019-08-25 19:49:34','2019-08-25 19:49:34'),(2288,'19/03/2017',1,4,83,0,1,'A',0,0,'D',76,'2019-08-25 19:49:34','2019-08-25 19:49:34'),(2289,'19/03/2017',1,4,73,0,1,'A',0,0,'D',67,'2019-08-25 19:49:34','2019-08-25 19:49:34'),(2290,'31/03/2017',1,4,74,1,3,'A',1,1,'D',75,'2019-08-25 19:49:34','2019-08-25 19:49:34'),(2291,'01/04/2017',1,4,67,6,0,'H',2,0,'H',68,'2019-08-25 19:49:34','2019-08-25 19:49:34'),(2292,'01/04/2017',1,4,70,0,0,'D',0,0,'D',73,'2019-08-25 19:49:34','2019-08-25 19:49:34'),(2293,'01/04/2017',1,4,78,2,5,'A',0,2,'A',84,'2019-08-25 19:49:34','2019-08-25 19:49:34'),(2294,'01/04/2017',1,4,72,2,1,'H',1,1,'D',71,'2019-08-25 19:49:34','2019-08-25 19:49:34'),(2295,'01/04/2017',1,4,81,4,0,'H',1,0,'H',77,'2019-08-25 19:49:34','2019-08-25 19:49:34'),(2296,'01/04/2017',1,4,76,1,1,'D',0,0,'D',69,'2019-08-25 19:49:34','2019-08-25 19:49:34'),(2297,'02/04/2017',1,4,79,2,1,'H',1,0,'H',83,'2019-08-25 19:49:34','2019-08-25 19:49:34'),(2298,'02/04/2017',1,4,80,3,3,'D',1,0,'H',82,'2019-08-25 19:49:34','2019-08-25 19:49:34'),(2299,'04/04/2017',1,4,69,3,0,'H',1,0,'H',72,'2019-08-25 19:49:34','2019-08-25 19:49:34'),(2300,'04/04/2017',1,4,71,1,0,'H',0,0,'D',70,'2019-08-25 19:49:34','2019-08-25 19:49:34'),(2301,'04/04/2017',1,4,75,1,0,'H',1,0,'H',67,'2019-08-25 19:49:34','2019-08-25 19:49:34'),(2302,'04/04/2017',1,4,84,3,0,'H',1,0,'H',76,'2019-08-25 19:49:34','2019-08-25 19:49:34'),(2303,'05/04/2017',1,4,68,2,3,'A',0,2,'A',79,'2019-08-25 19:49:34','2019-08-25 19:49:34'),(2304,'05/04/2017',1,4,77,0,2,'A',0,1,'A',80,'2019-08-25 19:49:34','2019-08-25 19:49:34'),(2305,'05/04/2017',1,4,83,2,3,'A',0,0,'D',81,'2019-08-25 19:49:34','2019-08-25 19:49:34'),(2306,'05/04/2017',1,4,73,1,0,'H',1,0,'H',74,'2019-08-25 19:49:34','2019-08-25 19:49:34'),(2307,'05/04/2017',1,4,82,0,1,'A',0,0,'D',78,'2019-08-25 19:49:34','2019-08-25 19:49:34'),(2308,'07/04/2017',1,4,70,2,2,'D',0,2,'A',84,'2019-08-25 19:49:34','2019-08-25 19:49:34'),(2309,'08/04/2017',1,4,67,4,1,'H',2,1,'H',69,'2019-08-25 19:49:34','2019-08-25 19:49:34'),(2310,'08/04/2017',1,4,71,2,3,'A',1,1,'D',73,'2019-08-25 19:49:34','2019-08-25 19:49:34'),(2311,'08/04/2017',1,4,78,1,0,'H',0,0,'D',83,'2019-08-25 19:49:34','2019-08-25 19:49:34'),(2312,'08/04/2017',1,4,72,2,1,'H',1,1,'D',75,'2019-08-25 19:49:34','2019-08-25 19:49:34'),(2313,'08/04/2017',1,4,81,1,0,'H',0,0,'D',80,'2019-08-25 19:49:34','2019-08-25 19:49:34'),(2314,'08/04/2017',1,4,76,4,1,'H',2,0,'H',82,'2019-08-25 19:49:34','2019-08-25 19:49:34'),(2315,'09/04/2017',1,4,74,2,0,'H',2,0,'H',68,'2019-08-25 19:49:34','2019-08-25 19:49:34'),(2316,'09/04/2017',1,4,79,3,2,'H',1,2,'A',77,'2019-08-25 19:49:34','2019-08-25 19:49:34'),(2317,'15/04/2017',1,4,68,2,1,'H',2,0,'H',71,'2019-08-25 19:49:34','2019-08-25 19:49:34'),(2318,'15/04/2017',1,4,69,3,1,'H',2,1,'H',70,'2019-08-25 19:49:34','2019-08-25 19:49:34'),(2319,'15/04/2017',1,4,75,5,3,'H',2,2,'D',73,'2019-08-25 19:49:34','2019-08-25 19:49:34'),(2320,'15/04/2017',1,4,80,0,0,'D',0,0,'D',67,'2019-08-25 19:49:34','2019-08-25 19:49:34'),(2321,'15/04/2017',1,4,83,1,0,'H',1,0,'H',74,'2019-08-25 19:49:34','2019-08-25 19:49:34'),(2322,'15/04/2017',1,4,81,4,0,'H',2,0,'H',78,'2019-08-25 19:49:34','2019-08-25 19:49:34'),(2323,'15/04/2017',1,4,82,3,0,'H',1,0,'H',79,'2019-08-25 19:49:34','2019-08-25 19:49:34'),(2324,'16/04/2017',1,4,77,2,1,'H',1,0,'H',76,'2019-08-25 19:49:34','2019-08-25 19:49:34'),(2325,'16/04/2017',1,4,84,2,1,'H',1,1,'D',72,'2019-08-25 19:49:34','2019-08-25 19:49:34'),(2326,'21/04/2017',1,4,71,1,1,'D',0,0,'D',75,'2019-08-25 19:49:34','2019-08-25 19:49:34'),(2327,'22/04/2017',1,4,67,2,2,'D',1,2,'A',83,'2019-08-25 19:49:34','2019-08-25 19:49:34'),(2328,'22/04/2017',1,4,70,3,1,'H',0,1,'A',68,'2019-08-25 19:49:34','2019-08-25 19:49:34'),(2329,'22/04/2017',1,4,72,1,2,'A',0,0,'D',77,'2019-08-25 19:49:34','2019-08-25 19:49:34'),(2330,'22/04/2017',1,4,74,1,0,'H',0,0,'D',82,'2019-08-25 19:49:34','2019-08-25 19:49:34'),(2331,'22/04/2017',1,4,79,2,4,'A',1,1,'D',84,'2019-08-25 19:49:34','2019-08-25 19:49:34'),(2332,'22/04/2017',1,4,73,2,3,'A',1,1,'D',69,'2019-08-25 19:49:34','2019-08-25 19:49:34'),(2333,'23/04/2017',1,4,78,2,1,'H',1,0,'H',80,'2019-08-25 19:49:34','2019-08-25 19:49:34'),(2334,'23/04/2017',1,4,76,1,1,'D',0,1,'A',81,'2019-08-25 19:49:34','2019-08-25 19:49:34'),(2335,'28/04/2017',1,4,80,1,4,'A',0,3,'A',76,'2019-08-25 19:49:34','2019-08-25 19:49:34'),(2336,'29/04/2017',1,4,77,3,0,'H',2,0,'H',78,'2019-08-25 19:49:34','2019-08-25 19:49:34'),(2337,'29/04/2017',1,4,69,0,0,'D',0,0,'D',71,'2019-08-25 19:49:34','2019-08-25 19:49:34'),(2338,'29/04/2017',1,4,83,1,2,'A',0,1,'A',73,'2019-08-25 19:49:34','2019-08-25 19:49:34'),(2339,'29/04/2017',1,4,81,0,0,'D',0,0,'D',79,'2019-08-25 19:49:34','2019-08-25 19:49:34'),(2340,'29/04/2017',1,4,84,2,0,'H',2,0,'H',74,'2019-08-25 19:49:34','2019-08-25 19:49:34'),(2341,'29/04/2017',1,4,82,0,6,'A',0,3,'A',67,'2019-08-25 19:49:34','2019-08-25 19:49:34'),(2342,'30/04/2017',1,4,68,4,0,'H',2,0,'H',72,'2019-08-25 19:49:34','2019-08-25 19:49:34'),(2343,'30/04/2017',1,4,75,1,0,'H',0,0,'D',70,'2019-08-25 19:49:34','2019-08-25 19:49:34'),(2344,'05/05/2017',1,4,71,4,3,'H',3,2,'H',84,'2019-08-25 19:49:34','2019-08-25 19:49:34'),(2345,'06/05/2017',1,4,67,1,0,'H',1,0,'H',77,'2019-08-25 19:49:34','2019-08-25 19:49:34'),(2346,'06/05/2017',1,4,69,2,1,'H',1,0,'H',75,'2019-08-25 19:49:34','2019-08-25 19:49:34'),(2347,'06/05/2017',1,4,70,0,2,'A',0,0,'D',82,'2019-08-25 19:49:34','2019-08-25 19:49:34'),(2348,'06/05/2017',1,4,74,1,4,'A',0,1,'A',81,'2019-08-25 19:49:34','2019-08-25 19:49:34'),(2349,'06/05/2017',1,4,79,1,1,'D',0,0,'D',80,'2019-08-25 19:49:34','2019-08-25 19:49:34'),(2350,'06/05/2017',1,4,73,1,1,'D',0,0,'D',68,'2019-08-25 19:49:34','2019-08-25 19:49:34'),(2351,'07/05/2017',1,4,78,2,0,'H',2,0,'H',76,'2019-08-25 19:49:34','2019-08-25 19:49:34'),(2352,'07/05/2017',1,4,72,0,0,'D',0,0,'D',83,'2019-08-25 19:49:34','2019-08-25 19:49:34'),(2353,'13/05/2017',1,4,68,1,1,'D',1,1,'D',69,'2019-08-25 19:49:34','2019-08-25 19:49:34'),(2354,'13/05/2017',1,4,77,0,2,'A',0,2,'A',74,'2019-08-25 19:49:34','2019-08-25 19:49:34'),(2355,'13/05/2017',1,4,78,1,1,'D',1,1,'D',79,'2019-08-25 19:49:34','2019-08-25 19:49:34'),(2356,'13/05/2017',1,4,80,2,2,'D',0,1,'A',71,'2019-08-25 19:49:34','2019-08-25 19:49:34'),(2357,'13/05/2017',1,4,83,4,2,'H',0,1,'A',70,'2019-08-25 19:49:34','2019-08-25 19:49:34'),(2358,'13/05/2017',1,4,81,4,5,'A',2,1,'H',67,'2019-08-25 19:49:34','2019-08-25 19:49:34'),(2359,'13/05/2017',1,4,76,1,1,'D',1,0,'H',72,'2019-08-25 19:49:34','2019-08-25 19:49:34'),(2360,'13/05/2017',1,4,84,3,5,'A',0,3,'A',75,'2019-08-25 19:49:34','2019-08-25 19:49:34'),(2361,'13/05/2017',1,4,82,1,1,'D',0,1,'A',73,'2019-08-25 19:49:34','2019-08-25 19:49:34'),(2362,'20/05/2017',1,4,67,4,1,'H',1,0,'H',78,'2019-08-25 19:49:34','2019-08-25 19:49:34'),(2363,'20/05/2017',1,4,69,4,3,'H',2,1,'H',84,'2019-08-25 19:49:34','2019-08-25 19:49:34'),(2364,'20/05/2017',1,4,70,2,2,'D',0,1,'A',81,'2019-08-25 19:49:34','2019-08-25 19:49:34'),(2365,'20/05/2017',1,4,71,2,0,'H',1,0,'H',83,'2019-08-25 19:49:34','2019-08-25 19:49:34'),(2366,'20/05/2017',1,4,72,2,1,'H',1,1,'D',82,'2019-08-25 19:49:34','2019-08-25 19:49:34'),(2367,'20/05/2017',1,4,74,2,6,'A',0,3,'A',80,'2019-08-25 19:49:34','2019-08-25 19:49:34'),(2368,'20/05/2017',1,4,75,0,0,'D',0,0,'D',68,'2019-08-25 19:49:34','2019-08-25 19:49:34'),(2369,'20/05/2017',1,4,79,1,1,'D',1,1,'D',76,'2019-08-25 19:49:34','2019-08-25 19:49:34'),(2370,'20/05/2017',1,4,73,2,2,'D',0,0,'D',77,'2019-08-25 19:49:34','2019-08-25 19:49:34');
/*!40000 ALTER TABLE `matches` ENABLE KEYS */;
UNLOCK TABLES;

--
-- Table structure for table `schema_migrations`
--

DROP TABLE IF EXISTS `schema_migrations`;
/*!40101 SET @saved_cs_client     = @@character_set_client */;
/*!40101 SET character_set_client = utf8 */;
CREATE TABLE `schema_migrations` (
  `version` bigint(20) NOT NULL,
  `inserted_at` datetime DEFAULT NULL,
  PRIMARY KEY (`version`)
) ENGINE=InnoDB DEFAULT CHARSET=latin1;
/*!40101 SET character_set_client = @saved_cs_client */;

--
-- Dumping data for table `schema_migrations`
--

LOCK TABLES `schema_migrations` WRITE;
/*!40000 ALTER TABLE `schema_migrations` DISABLE KEYS */;
INSERT INTO `schema_migrations` VALUES (20190817110911,'2019-08-25 19:49:30');
/*!40000 ALTER TABLE `schema_migrations` ENABLE KEYS */;
UNLOCK TABLES;

--
-- Table structure for table `seasons`
--

DROP TABLE IF EXISTS `seasons`;
/*!40101 SET @saved_cs_client     = @@character_set_client */;
/*!40101 SET character_set_client = utf8 */;
CREATE TABLE `seasons` (
  `id` bigint(20) unsigned NOT NULL AUTO_INCREMENT,
  `name` varchar(255) DEFAULT NULL,
  `inserted_at` datetime NOT NULL,
  `updated_at` datetime NOT NULL,
  PRIMARY KEY (`id`)
) ENGINE=InnoDB AUTO_INCREMENT=3 DEFAULT CHARSET=latin1;
/*!40101 SET character_set_client = @saved_cs_client */;

--
-- Dumping data for table `seasons`
--

LOCK TABLES `seasons` WRITE;
/*!40000 ALTER TABLE `seasons` DISABLE KEYS */;
INSERT INTO `seasons` VALUES (1,'201617','2019-08-25 19:49:31','2019-08-25 19:49:31'),(2,'201516','2019-08-25 19:49:31','2019-08-25 19:49:31');
/*!40000 ALTER TABLE `seasons` ENABLE KEYS */;
UNLOCK TABLES;

--
-- Table structure for table `teams`
--

DROP TABLE IF EXISTS `teams`;
/*!40101 SET @saved_cs_client     = @@character_set_client */;
/*!40101 SET character_set_client = utf8 */;
CREATE TABLE `teams` (
  `id` bigint(20) unsigned NOT NULL AUTO_INCREMENT,
  `name` varchar(255) DEFAULT NULL,
  `inserted_at` datetime NOT NULL,
  `updated_at` datetime NOT NULL,
  PRIMARY KEY (`id`)
) ENGINE=InnoDB AUTO_INCREMENT=85 DEFAULT CHARSET=latin1;
/*!40101 SET character_set_client = @saved_cs_client */;

--
-- Dumping data for table `teams`
--

LOCK TABLES `teams` WRITE;
/*!40000 ALTER TABLE `teams` DISABLE KEYS */;
INSERT INTO `teams` VALUES (1,'La Coruna','2019-08-25 19:49:31','2019-08-25 19:49:31'),(2,'Malaga','2019-08-25 19:49:31','2019-08-25 19:49:31'),(3,'Barcelona','2019-08-25 19:49:31','2019-08-25 19:49:31'),(4,'Granada','2019-08-25 19:49:31','2019-08-25 19:49:31'),(5,'Sevilla','2019-08-25 19:49:31','2019-08-25 19:49:31'),(6,'Ath Madrid','2019-08-25 19:49:31','2019-08-25 19:49:31'),(7,'Sociedad','2019-08-25 19:49:31','2019-08-25 19:49:31'),(8,'Sp Gijon','2019-08-25 19:49:31','2019-08-25 19:49:31'),(9,'Celta','2019-08-25 19:49:31','2019-08-25 19:49:31'),(10,'Valencia','2019-08-25 19:49:31','2019-08-25 19:49:31'),(11,'Betis','2019-08-25 19:49:31','2019-08-25 19:49:31'),(12,'Espanol','2019-08-25 19:49:31','2019-08-25 19:49:31'),(13,'Eibar','2019-08-25 19:49:31','2019-08-25 19:49:31'),(14,'Leganes','2019-08-25 19:49:31','2019-08-25 19:49:31'),(15,'Osasuna','2019-08-25 19:49:31','2019-08-25 19:49:31'),(16,'Real Madrid','2019-08-25 19:49:31','2019-08-25 19:49:31'),(17,'Alaves','2019-08-25 19:49:31','2019-08-25 19:49:31'),(18,'Ath Bilbao','2019-08-25 19:49:31','2019-08-25 19:49:31'),(19,'Las Palmas','2019-08-25 19:49:31','2019-08-25 19:49:31'),(20,'Villarreal','2019-08-25 19:49:31','2019-08-25 19:49:31'),(21,'Vallecano','2019-08-25 19:49:31','2019-08-25 19:49:31'),(22,'Levante','2019-08-25 19:49:31','2019-08-25 19:49:31'),(23,'Getafe','2019-08-25 19:49:31','2019-08-25 19:49:31'),(24,'Almeria','2019-08-25 19:49:31','2019-08-25 19:49:31'),(25,'Mirandes','2019-08-25 19:49:31','2019-08-25 19:49:31'),(26,'Alcorcon','2019-08-25 19:49:31','2019-08-25 19:49:31'),(27,'Cordoba','2019-08-25 19:49:31','2019-08-25 19:49:31'),(28,'Elche','2019-08-25 19:49:31','2019-08-25 19:49:31'),(29,'Mallorca','2019-08-25 19:49:31','2019-08-25 19:49:31'),(30,'Gimnastic','2019-08-25 19:49:31','2019-08-25 19:49:31'),(31,'Numancia','2019-08-25 19:49:31','2019-08-25 19:49:31'),(32,'Sevilla B','2019-08-25 19:49:31','2019-08-25 19:49:31'),(33,'Valladolid','2019-08-25 19:49:31','2019-08-25 19:49:31'),(34,'Zaragoza','2019-08-25 19:49:31','2019-08-25 19:49:31'),(35,'Tenerife','2019-08-25 19:49:31','2019-08-25 19:49:31'),(36,'Girona','2019-08-25 19:49:31','2019-08-25 19:49:31'),(37,'Lugo','2019-08-25 19:49:31','2019-08-25 19:49:31'),(38,'Oviedo','2019-08-25 19:49:31','2019-08-25 19:49:31'),(39,'Reus Deportiu','2019-08-25 19:49:31','2019-08-25 19:49:31'),(40,'Cadiz','2019-08-25 19:49:31','2019-08-25 19:49:31'),(41,'Huesca','2019-08-25 19:49:31','2019-08-25 19:49:31'),(42,'UCAM Murcia','2019-08-25 19:49:31','2019-08-25 19:49:31'),(43,'Llagostera','2019-08-25 19:49:31','2019-08-25 19:49:31'),(44,'Ponferradina','2019-08-25 19:49:31','2019-08-25 19:49:31'),(45,'Ath Bilbao B','2019-08-25 19:49:31','2019-08-25 19:49:31'),(46,'Albacete','2019-08-25 19:49:31','2019-08-25 19:49:31'),(47,'Burnley','2019-08-25 19:49:31','2019-08-25 19:49:31'),(48,'Crystal Palace','2019-08-25 19:49:31','2019-08-25 19:49:31'),(49,'Everton','2019-08-25 19:49:31','2019-08-25 19:49:31'),(50,'Hull','2019-08-25 19:49:31','2019-08-25 19:49:31'),(51,'Man City','2019-08-25 19:49:31','2019-08-25 19:49:31'),(52,'Middlesbrough','2019-08-25 19:49:31','2019-08-25 19:49:31'),(53,'Southampton','2019-08-25 19:49:31','2019-08-25 19:49:31'),(54,'Arsenal','2019-08-25 19:49:31','2019-08-25 19:49:31'),(55,'Bournemouth','2019-08-25 19:49:31','2019-08-25 19:49:31'),(56,'Chelsea','2019-08-25 19:49:31','2019-08-25 19:49:31'),(57,'Man United','2019-08-25 19:49:31','2019-08-25 19:49:31'),(58,'Leicester','2019-08-25 19:49:31','2019-08-25 19:49:31'),(59,'Stoke','2019-08-25 19:49:31','2019-08-25 19:49:31'),(60,'Swansea','2019-08-25 19:49:31','2019-08-25 19:49:31'),(61,'Tottenham','2019-08-25 19:49:31','2019-08-25 19:49:31'),(62,'Watford','2019-08-25 19:49:31','2019-08-25 19:49:31'),(63,'West Brom','2019-08-25 19:49:31','2019-08-25 19:49:31'),(64,'Sunderland','2019-08-25 19:49:31','2019-08-25 19:49:31'),(65,'West Ham','2019-08-25 19:49:31','2019-08-25 19:49:31'),(66,'Liverpool','2019-08-25 19:49:31','2019-08-25 19:49:31'),(67,'Bayern Munich','2019-08-25 19:49:31','2019-08-25 19:49:31'),(68,'Augsburg','2019-08-25 19:49:31','2019-08-25 19:49:31'),(69,'Dortmund','2019-08-25 19:49:31','2019-08-25 19:49:31'),(70,'Ein Frankfurt','2019-08-25 19:49:31','2019-08-25 19:49:31'),(71,'FC Koln','2019-08-25 19:49:31','2019-08-25 19:49:31'),(72,'Hamburg','2019-08-25 19:49:31','2019-08-25 19:49:31'),(73,'M\'gladbach','2019-08-25 19:49:31','2019-08-25 19:49:31'),(74,'Hertha','2019-08-25 19:49:31','2019-08-25 19:49:31'),(75,'Hoffenheim','2019-08-25 19:49:31','2019-08-25 19:49:31'),(76,'Schalke 04','2019-08-25 19:49:31','2019-08-25 19:49:31'),(77,'Darmstadt','2019-08-25 19:49:31','2019-08-25 19:49:31'),(78,'Freiburg','2019-08-25 19:49:31','2019-08-25 19:49:31'),(79,'Ingolstadt','2019-08-25 19:49:31','2019-08-25 19:49:31'),(80,'Leverkusen','2019-08-25 19:49:31','2019-08-25 19:49:31'),(81,'RB Leipzig','2019-08-25 19:49:31','2019-08-25 19:49:31'),(82,'Wolfsburg','2019-08-25 19:49:31','2019-08-25 19:49:31'),(83,'Mainz','2019-08-25 19:49:31','2019-08-25 19:49:31'),(84,'Werder Bremen','2019-08-25 19:49:31','2019-08-25 19:49:31');
/*!40000 ALTER TABLE `teams` ENABLE KEYS */;
UNLOCK TABLES;
/*!40103 SET TIME_ZONE=@OLD_TIME_ZONE */;

/*!40101 SET SQL_MODE=@OLD_SQL_MODE */;
/*!40014 SET FOREIGN_KEY_CHECKS=@OLD_FOREIGN_KEY_CHECKS */;
/*!40014 SET UNIQUE_CHECKS=@OLD_UNIQUE_CHECKS */;
/*!40101 SET CHARACTER_SET_CLIENT=@OLD_CHARACTER_SET_CLIENT */;
/*!40101 SET CHARACTER_SET_RESULTS=@OLD_CHARACTER_SET_RESULTS */;
/*!40101 SET COLLATION_CONNECTION=@OLD_COLLATION_CONNECTION */;
/*!40111 SET SQL_NOTES=@OLD_SQL_NOTES */;

-- Dump completed on 2019-08-25 19:51:19
